STYLE1,SQFT,STYLE2,BLDG_ID,sectorid,state_clas,center_x,center_y
,18575.8191497,,103,1,X1,-95.353524,29.766377999999996
,5670.39097511,COMMERCIAL,120,1,F1,-95.35482091168949,29.76803454220169
UNDER 5000SF,1571.23517052,MULTIFAMILY,123,1,B1,-95.35719201383125,29.766460340248965
,36231.8957438,MULTIFAMILY,188,1,B1,-95.35391492357232,29.767871182890968
UNDER 5000SF,2162.46452587,COMMERCIAL,246,1,C2,-95.35408505863414,29.768316292130233
UNDER 5000SF,681.08657737,COMMERCIAL,305,1,F1,-95.3536746764083,29.7686674798814
UNDER 5000SF,640.652787643,COMMERCIAL,308,1,F1,-95.35651849999999,29.767034500000005
UNDER 5000SF,1777.21987295,,317,1,A1,-95.3526330753149,29.76920524763018
,18883.0360854,,321,1,X1,-95.35437428283693,29.766144175374702
UNDER 5000SF,4612.38755267,COMMERCIAL,323,1,F1,-95.35521641917677,29.767823147323963
,10565.4990484,COMMERCIAL,374,1,F1,-95.35306430716386,29.768360493291546
,11348.2914456,,390,1,X1,-95.35714399999999,29.7637935
,17037.7637086,,430,1,,-95.35101534681421,29.768074553127196
,18664.9526995,,433,1,X1,-95.35462367626468,29.7664154947837
,21554.2804375,COMMERCIAL,482,1,F1,-95.35166528248922,29.76902805077718
,14022.7387624,COMMERCIAL,499,1,F1,-95.3530043245615,29.768879192572747
,5513.58363558,,531,1,X1,-95.35719638326952,29.765746823978155
UNDER 5000SF,4090.85493639,,577,1,X1,-95.35183075262674,29.76845852946431
UNDER 5000SF,2179.12351536,,630,1,A1,-95.35259149999999,29.769012999999998
UNDER 5000SF,1648.8062055,COMMERCIAL,724,1,F1,-95.35076824823291,29.768325905941637
UNDER 5000SF,4428.34781802,COMMERCIAL,725,1,F1,-95.35230862399845,29.7689692537294
UNDER 5000SF,770.259260615,,726,1,J3,-95.35271750000001,29.764115999999994
UNDER 5000SF,2578.64569279,COMMERCIAL,753,1,F1,-95.35746549999999,29.767227000000002
,111621.052537,,770,1,X1,-95.35607304179938,29.76333715050194
UNDER 5000SF,728.947318044,,794,1,J3,-95.3527735,29.7642085
,14380.9452946,,795,1,X1,-95.35597018999246,29.765735984722287
,18507.4579774,,813,1,X1,-95.35377299999998,29.766649
,20690.0452087,MULTIFAMILY,814,1,B1,-95.35385593900007,29.767173433633467
UNDER 5000SF,1707.5658646,MULTIFAMILY,816,1,B1,-95.35734699999999,29.766757000000002
UNDER 5000SF,665.537373813,,834,1,J3,-95.35292221751193,29.764307448981363
,14322.1487703,,857,1,X1,-95.35275881016646,29.766587515069723
,18309.5836036,COMMERCIAL,880,1,F1,-95.3546265,29.767167500000006
,12495.2237514,COMMERCIAL,908,1,,-95.35149360266516,29.76786836059897
,35752.6844431,COMMERCIAL,910,1,C2,-95.3567681890199,29.767361741630747
,14381.7894576,,934,1,X1,-95.35530946974127,29.765887295779226
UNDER 5000SF,4864.99196004,MULTIFAMILY,952,1,B1,-95.35371349999998,29.767514499999997
UNDER 5000SF,233.663954721,COMMERCIAL,1007,1,F1,-95.3536785,29.768580499999995
,17023.6371122,MULTIFAMILY,1013,1,Z4,-95.35688685019893,29.76663620386726
UNDER 5000SF,2663.34603459,,1055,1,J3,-95.352477,29.762672000000002
UNDER 5000SF,337.635031668,COMMERCIAL,1057,1,F1,-95.35659694417863,29.76705419776715
UNDER 5000SF,2301.51852502,,1103,1,J3,-95.35245322570132,29.762782534115505
UNDER 5000SF,1091.44180982,,1130,1,X1,-95.35739552168243,29.76584430901658
UNDER 5000SF,2127.30857948,,1132,1,A1,-95.35245849999998,29.769264000000003
UNDER 5000SF,1435.81670392,,1174,1,J3,-95.35225517637132,29.762775415189875
,71745.6019327,,1221,1,X1,-95.35456512430221,29.76392382673786
,40980.7655173,,1222,1,X1,-95.35561327903115,29.764184439356107
,64079.5842586,,1226,1,X1,-95.35766539806667,29.76473772818229
UNDER 5000SF,2966.47268735,COMMERCIAL,1248,1,F1,-95.3506800925375,29.76930536338176
,96967.1832364,COMMERCIAL,1251,1,X1,-95.35279320129366,29.76780208242205
,74702.27515240002,,1252,1,X1,-95.35654369861075,29.76444103074744
,18537.8790715,,1275,1,X1,-95.35292250000002,29.76688250000001
UNDER 5000SF,4427.08266627,,1277,1,A1,-95.35449949999999,29.767541499999997
,40722.69345050001,,1278,1,X1,-95.35598832509035,29.766047999154168
,150751.628598,COMMERCIAL,1301,1,F1,-95.35068091984687,29.7679472148732
UNDER 5000SF,4748.77419341,,1303,1,J3,-95.35307521634026,29.762959021963294
UNDER 5000SF,1467.86928635,,1328,1,A1,-95.35258499999999,29.768713499999997
,48127.2092941,COMMERCIAL,1330,1,F1,-95.35571294381303,29.767002849255213
,530311.927197,,152,2,X1,-95.35527417945978,29.75719032254266
UNDER 5000SF,2134.41016412,COMMERCIAL,306,2,F1,-95.355948,29.760724
UNDER 5000SF,2782.97189892,,307,2,X1,-95.35649149999999,29.759903999999995
UNDER 5000SF,3627.83551433,COMMERCIAL,326,2,F1,-95.35712849999997,29.75921
,55855.9679984,,337,2,X1,-95.35657051891876,29.76031773404093
,30034.162534,MULTIFAMILY,431,2,B1,-95.35293649508831,29.760403099616802
UNDER 5000SF,2317.56089996,COMMERCIAL,528,2,F1,-95.3519335,29.760134499999996
,13261.4759265,MULTIFAMILY,578,2,B1,-95.35247530089731,29.760288626206115
UNDER 5000SF,2183.35277915,COMMERCIAL,598,2,F1,-95.35202535193798,29.760084024806204
,36351.0981196,,697,2,X2,-95.35132287350945,29.760718397956634
,16053.9078407,COMMERCIAL,878,2,F1,-95.35289195899884,29.761341859107613
,7258.11556786,,909,2,X2,-95.35740486314225,29.758912149322946
UNDER 5000SF,404.929693573,,932,2,X2,-95.35077,29.7616205
UNDER 5000SF,2553.61393159,MULTIFAMILY,933,2,B1,-95.35462135152254,29.759970525174925
UNDER 5000SF,3555.69197741,COMMERCIAL,977,2,F1,-95.35331383218391,29.761399496957406
,9866.5425034,COMMERCIAL,981,2,X2,-95.35711207039458,29.759807468407033
,6744.86214822,,1010,2,X1,-95.3558455,29.758182999999995
,13654.682207,COMMERCIAL,1031,2,X1,-95.35424438054575,29.761270446653484
UNDER 5000SF,2593.90622359,COMMERCIAL,1078,2,F1,-95.35526759099096,29.75926368848849
,8629.59546557,COMMERCIAL,1133,2,F1,-95.35280959755191,29.758199308096746
UNDER 5000SF,973.162031829,COMMERCIAL,1250,2,F1,-95.35185561526148,29.760019301573177
,59400.1539251,MULTIFAMILY,1283,2,B1,-95.35834103620468,29.758039171597122
,11056.0395627,,1302,2,X2,-95.35084240252516,29.761788484128928
,36359.097878,MULTIFAMILY,1304,2,B1,-95.35415347820529,29.760126691175316
,43553.2183973,MULTIFAMILY,1329,2,B1,-95.35375725814221,29.76075184328566
,27280.0294101,COMMERCIAL,1369,2,F1,-95.35176242332216,29.759629730323983
,24843.3633137,COMMERCIAL,1371,2,X2,-95.35390442457074,29.758684739808185
,114074.340504,MULTIFAMILY,1378,2,B1,-95.35720263388897,29.757872577976542
,6792.81741151,,126,3,X1,-95.36014800000001,29.753747999999998
,62017.9795571,COMMERCIAL,173,3,F1,-95.36077304235931,29.754993360788028
UNDER 5000SF,2401.54585617,,190,3,X3,-95.35685976005126,29.756310656479254
,10854.7781721,COMMERCIAL,226,3,F1,-95.35827584095257,29.75697607987809
UNDER 5000SF,1475.71011794,,309,3,X1,-95.35863950000002,29.753110500000002
UNDER 5000SF,4068.75453773,,331,3,X1,-95.36031083134546,29.75258701325088
,8711.24957747,,440,3,X1,-95.36014819524614,29.752688586319127
,49957.350774,COMMERCIAL,485,3,F1,-95.35991863838782,29.754530593152623
,44250.8034091,COMMERCIAL,550,3,F1,-95.35941820880032,29.755280358457174
,110191.803649,,551,3,X1,-95.36058248260467,29.751516638060362
,806967.910901,COMMERCIAL,582,3,X1,-95.35790981636802,29.752305133580055
,61766.8350856,MULTIFAMILY,757,3,B1,-95.35898604775518,29.75722982338434
UNDER 5000SF,644.899034621,,800,3,J3,-95.361422,29.75241799999999
,6430.44116147,,818,3,X1,-95.35954129418522,29.753753261133035
,14040.7868055,COMMERCIAL,840,3,F1,-95.36138303137356,29.752984670824326
,14232.2041273,COMMERCIAL,881,3,F1,-95.35544818742017,29.755369178988495
,30297.291924,,935,3,XJ,-95.35736949999999,29.756050000000002
,20280.1703224,COMMERCIAL,955,3,F1,-95.35786947122206,29.7567261740372
UNDER 5000SF,575.886440884,,959,3,J3,-95.3619805,29.7521875
UNDER 5000SF,2052.81129865,,978,3,C2,-95.3560986118357,29.755579309384608
,47074.8791934,COMMERCIAL,1017,3,C2,-95.35955540164714,29.75651367823929
,8957.66565722,,1129,3,X3,-95.35726844186135,29.756402732871255
,6643.59821138,COMMERCIAL,1147,3,F1,-95.35886404386154,29.754618002055558
UNDER 5000SF,1627.69451423,,1148,3,X1,-95.35934499999999,29.753532000000003
,102329.816326,,1224,3,X1,-95.35609191832314,29.754390540616665
,13018.5091907,,1382,3,X1,-95.35965268810327,29.753442782838597
,20093.6605007,,252,4,X1,-95.3597657103594,29.750063910631077
UNDER 5000SF,1475.69916349,COMMERCIAL,257,4,C2,-95.36258000000001,29.745867999999994
,19103.530475,COMMERCIAL,264,4,F1,-95.36672443522754,29.747716332843975
,15023.7527708,COMMERCIAL,316,4,F1,-95.36431867108507,29.749156508298412
,31991.5093492,COMMERCIAL,509,4,F1,-95.3656470067293,29.749117782634364
,231184.556226,,537,4,X1,-95.362162107741,29.750773091727893
UNDER 5000SF,3015.23087486,COMMERCIAL,554,4,C2,-95.36180032975447,29.74755748877533
UNDER 5000SF,1556.83017284,COMMERCIAL,608,4,F1,-95.36227811809623,29.746255716237922
,60655.1053507,COMMERCIAL,612,4,F1,-95.36609148010038,29.748276781595365
,47635.3701667,MULTIFAMILY,640,4,B1,-95.36323927744279,29.745531485537732
UNDER 5000SF,3677.51934794,COMMERCIAL,641,4,F1,-95.36473614879152,29.749466505212173
UNDER 5000SF,4948.90736437,COMMERCIAL,707,4,F1,-95.36321465328062,29.74908347872576
,134589.839404,COMMERCIAL,736,4,F1,-95.36552146258954,29.747373616359514
,12492.672719,COMMERCIAL,865,4,F1,-95.3650244165096,29.74671076526979
,18071.90554,COMMERCIAL,866,4,F1,-95.36474349335548,29.74643487881681
,7500.35433798,COMMERCIAL,960,4,F1,-95.36256215212508,29.746140418028503
,62950.1344732,,986,4,X1,-95.36054417500645,29.750444532042344
UNDER 5000SF,820.368463174,COMMERCIAL,1039,4,F1,-95.36518550000001,29.7462435
,6938.53284207,COMMERCIAL,1139,4,F1,-95.3626159539635,29.747571711610863
,142256.123629,,1156,4,X1,-95.36304049999998,29.749740999999997
,23620.5262117,COMMERCIAL,1185,4,F1,-95.36449159276098,29.74715716734869
UNDER 5000SF,1281.77764691,COMMERCIAL,1186,4,F1,-95.36585445651001,29.74777808439882
,57201.6406475,MULTIFAMILY,1208,4,B1,-95.36431718319804,29.750504675007747
,21196.0860454,,1287,4,X3,-95.36345752011997,29.74688160533798
,19849.8229939,COMMERCIAL,1307,4,F1,-95.36090964615099,29.748448399254617
,23178.0133001,,163,5,X1,-95.37285495306976,29.751305779327982
UNDER 5000SF,1643.73326433,,231,5,X3,-95.36691633048973,29.750112491943124
,61506.7198748,COMMERCIAL,295,5,F1,-95.3729811875801,29.75242836593608
,18532.1246214,COMMERCIAL,361,5,F1,-95.36947129145196,29.750558149713694
,26369.84218,COMMERCIAL,420,5,F1,-95.37233639800594,29.75325416286971
,16130.575768,,421,5,X1,-95.3736183885063,29.751916620657585
,61638.6875567,,451,5,XI,-95.37068297121976,29.7521429855381
,59235.3986814,MULTIFAMILY,565,5,B1,-95.36780332502522,29.74930346784977
,30655.3841879,COMMERCIAL,569,5,F1,-95.37138984626611,29.751254518699714
UNDER 5000SF,2340.68524038,COMMERCIAL,649,5,F1,-95.37230425593931,29.750624044778082
UNDER 5000SF,3120.1465214,,661,5,,-95.37311249999999,29.753072500000002
,15289.9964694,MULTIFAMILY,684,5,F2,-95.36919031944497,29.751158746235422
UNDER 5000SF,3312.15165821,COMMERCIAL,743,5,F1,-95.37204457513036,29.75050500312438
UNDER 5000SF,3725.61764777,COMMERCIAL,744,5,F1,-95.372232,29.751824500000005
UNDER 5000SF,1394.20963229,COMMERCIAL,782,5,F1,-95.37177469209333,29.750571169156906
UNDER 5000SF,3583.13114102,,804,5,X3,-95.36928549611604,29.7489486741608
UNDER 5000SF,1093.50918234,,826,5,X3,-95.36803702747582,29.75056015099384
UNDER 5000SF,4264.29997387,COMMERCIAL,849,5,F1,-95.37101477809352,29.75151053304736
,58575.6753249,COMMERCIAL,850,5,F1,-95.37151949999999,29.752685500000002
,13162.9284114,,893,5,X3,-95.3678760125248,29.750398471894034
,31204.8647862,COMMERCIAL,896,5,F1,-95.36995200000001,29.749493999999995
,25167.2076743,,919,5,X3,-95.36731916536355,29.750120077950044
,57704.5452054,COMMERCIAL,921,5,F1,-95.36754231853419,29.74803928423109
,14074.819959,COMMERCIAL,922,5,F1,-95.36994710725997,29.75139394170028
,29879.5039324,MULTIFAMILY,941,5,F2,-95.36877498691388,29.7510038405253
UNDER 5000SF,4740.75953111,,994,5,Z5,-95.36941599999999,29.751638999999994
,59654.4953658,,1047,5,X1,-95.37099278349616,29.75012898818381
,9881.02012329,,1093,5,X3,-95.36952431202293,29.749106426774365
,42079.8196168,COMMERCIAL,1118,5,F1,-95.37320603495762,29.753718293128355
,30623.1036274,COMMERCIAL,1211,5,F1,-95.3670595,29.748634499999994
,7289.7619779,,1214,5,X3,-95.36909012219706,29.748820743541838
UNDER 5000SF,572.137678443,COMMERCIAL,1295,5,F1,-95.37262352647504,29.751829829046898
,58536.1592973,MULTIFAMILY,1312,5,B1,-95.3663543223994,29.749539596194374
,27376.2214253,,1318,5,X3,-95.36868669837668,29.749903318700536
,26953.5777999,COMMERCIAL,1338,5,F1,-95.36838900481143,29.748406779720803
UNDER 5000SF,4773.86346645,COMMERCIAL,1339,5,F1,-95.37232188149402,29.75203265488537
,12197.2905048,COMMERCIAL,1408,5,F1,-95.37200398443518,29.750894341215098
,54308.7443958,COMMERCIAL,1410,5,F1,-95.37381936809126,29.75295104826313
UNDER 5000SF,4908.63438916,COMMERCIAL,116,6,F1,-95.36556284359226,29.750168014154045
,5865.88987618,,237,6,J3,-95.37347802259208,29.755477741046775
UNDER 5000SF,2349.44935637,COMMERCIAL,263,6,F1,-95.36518689100657,29.75093030447419
UNDER 5000SF,1089.89537696,COMMERCIAL,267,6,F1,-95.37055900000001,29.7539485
,33278.41264290001,COMMERCIAL,293,6,F1,-95.37122841062187,29.754596855072865
UNDER 5000SF,1885.55999086,COMMERCIAL,354,6,F1,-95.36732561353898,29.75097319537275
,24083.4998477,COMMERCIAL,404,6,F1,-95.37288058709258,29.75454856078511
,17788.3850597,COMMERCIAL,474,6,F1,-95.3699257940932,29.75475844480018
,32968.12168180001,MULTIFAMILY,513,6,B1,-95.3675536434202,29.751446965381184
,133431.564177,COMMERCIAL,520,6,F1,-95.37382095717732,29.75691875219846
UNDER 5000SF,4776.96168658,COMMERCIAL,613,6,F1,-95.36574587117973,29.749942158802636
,11794.1558813,COMMERCIAL,660,6,F1,-95.37132534060189,29.754976763362947
,36119.3192741,,676,6,J4,-95.36532648530293,29.75222398874761
UNDER 5000SF,446.855452108,COMMERCIAL,709,6,F1,-95.367341,29.75327
,39140.4568653,COMMERCIAL,747,6,F1,-95.37302706181059,29.757239075763025
UNDER 5000SF,1436.73476227,COMMERCIAL,760,6,F1,-95.36503018625325,29.750815316772428
,60984.9858643,MULTIFAMILY,803,6,B1,-95.36775221943324,29.752580354887712
,5407.56413109,,824,6,X3,-95.36475964981342,29.75105815845169
,62544.5438168,COMMERCIAL,827,6,F1,-95.37062540344375,29.755417442958375
,35730.9018925,COMMERCIAL,895,6,F1,-95.36953300877826,29.753578770130495
,47793.7071156,COMMERCIAL,938,6,C2,-95.36629284444497,29.75272517925048
,7955.87490968,COMMERCIAL,967,6,F1,-95.36643060661712,29.753104229048056
UNDER 5000SF,1264.59915316,COMMERCIAL,991,6,F1,-95.36744550761277,29.750986161502773
UNDER 5000SF,498.903678733,COMMERCIAL,1044,6,F1,-95.3674455,29.753326999999995
,14850.7361823,MULTIFAMILY,1045,6,B1,-95.36848748532536,29.752040762646345
,5373.09481967,MULTIFAMILY,1086,6,B1,-95.36454428754718,29.75143159478345
,6760.59235953,COMMERCIAL,1112,6,F1,-95.36634859411852,29.751532176466736
,5442.62049664,MULTIFAMILY,1141,6,B1,-95.36442240201868,29.75158608290305
,39900.27270890001,COMMERCIAL,1159,6,F1,-95.36674358528114,29.750713170970158
,16276.8351905,COMMERCIAL,1161,6,C2,-95.37385956958482,29.756036194482746
,25485.6776346,COMMERCIAL,1162,6,C2,-95.369398868099,29.75222556520446
,29645.6976263,MULTIFAMILY,1240,6,B1,-95.3681816688571,29.75175480783984
,17411.665365,COMMERCIAL,1260,6,F1,-95.37055172108312,29.75429843607503
,64614.0312324,COMMERCIAL,1263,6,F1,-95.37094149999999,29.753412499999996
,11654.376007,COMMERCIAL,1314,6,F1,-95.36737439697315,29.753165584119756
UNDER 5000SF,3898.99278515,COMMERCIAL,1334,6,F1,-95.36557924153446,29.75099663017997
UNDER 5000SF,242.4119035,COMMERCIAL,1336,6,F1,-95.36753715837499,29.753377547488693
,10916.9845109,COMMERCIAL,1396,6,F1,-95.36463546094824,29.752069673502863
UNDER 5000SF,553.963582406,COMMERCIAL,1406,6,F1,-95.36704299999998,29.751323000000003
,8075.24643099,,1409,6,X3,-95.37205726833301,29.756244632651647
,24137.821204,COMMERCIAL,122,7,F1,-95.36798750000001,29.757140500000006
,198019.909837,COMMERCIAL,129,7,F1,-95.3650625162694,29.754258861079116
,6614.15491215,,182,7,X1,-95.37120543036728,29.75931060282649
UNDER 5000SF,4085.40515826,,235,7,X1,-95.37127179386755,29.75901166338059
,25974.4818662,COMMERCIAL,325,7,F1,-95.36846848377373,29.754978779314804
,55518.9763375,COMMERCIAL,394,7,F1,-95.36745682136579,29.754626638105467
,39505.4452628,COMMERCIAL,406,7,F1,-95.36622516587406,29.756120020805827
,57776.2285473,,486,7,X2,-95.3648228170054,29.753025197940126
,64049.1328708,COMMERCIAL,489,7,F1,-95.36971199999999,29.758176499999998
,19900.5957948,,511,7,X1,-95.36797675348568,29.755908946319465
UNDER 5000SF,3166.70539995,,518,7,X1,-95.37227881332069,29.758918949072555
,26378.5204065,COMMERCIAL,538,7,Z5,-95.36358935838182,29.753389876735067
,64669.1561132,COMMERCIAL,561,7,F1,-95.3653859765771,29.755574397428727
,21099.4421103,,587,7,X1,-95.36752335301819,29.755760891566524
,45731.5541722,COMMERCIAL,616,7,F1,-95.36937905708577,29.756971305192316
,53218.1576811,COMMERCIAL,658,7,F1,-95.36693143456476,29.755368701780377
,61934.1445772,COMMERCIAL,679,7,F1,-95.3657101285133,29.753552659376524
,61515.0558986,COMMERCIAL,682,7,F1,-95.36918390436928,29.755646638871376
,29289.474833,COMMERCIAL,742,7,F1,-95.37129690862591,29.757850191176686
,73357.702128,COMMERCIAL,828,7,F1,-95.37001933112226,29.75623438562183
,66276.5548904,COMMERCIAL,845,7,F1,-95.36451572667319,29.755055149214872
,31993.4121711,COMMERCIAL,898,7,F1,-95.37185954833326,29.7583478729893
,29982.539278,COMMERCIAL,962,7,Z5,-95.36280679329391,29.75404352569695
,64691.3913556,COMMERCIAL,990,7,F1,-95.3665635,29.754083
UNDER 5000SF,994.308108914,COMMERCIAL,1117,7,F1,-95.3718355,29.757138
,61190.4204182,COMMERCIAL,1158,7,F1,-95.37034659961232,29.757485080998435
,53457.7126536,COMMERCIAL,1165,7,F1,-95.3705632874974,29.75872832909755
UNDER 5000SF,1179.52832746,COMMERCIAL,1188,7,F1,-95.37153000000004,29.7572095
,25990.1508333,COMMERCIAL,1216,7,F1,-95.37190796523669,29.757352502891706
,57858.2936365,COMMERCIAL,1309,7,F1,-95.36367095139505,29.754536824438983
,24164.9848035,COMMERCIAL,1317,7,F1,-95.36889022279847,29.757686929400954
,31596.674699,COMMERCIAL,1321,7,F1,-95.37104900000001,29.757002499999995
,35756.3225602,,160,8,X1,-95.36997615761328,29.75943184936653
UNDER 5000SF,2709.27639565,,161,8,X1,-95.37142546211624,29.760394262669937
UNDER 5000SF,1805.5261686,,162,8,X1,-95.37163490679193,29.760630328880655
,38846.4016649,COMMERCIAL,180,8,F1,-95.36739352912937,29.757872779994596
,9863.37391243,,181,8,X1,-95.36867172956482,29.759756696980876
,61771.9549174,COMMERCIAL,197,8,F1,-95.3659585,29.758115500000002
,26739.9393069,COMMERCIAL,228,8,F1,-95.36163623764834,29.755510639679937
,28767.4156199,COMMERCIAL,290,8,F1,-95.3683101454591,29.75840112660093
UNDER 5000SF,1067.67545582,,292,8,X1,-95.371554,29.759883000000002
,61093.5552354,COMMERCIAL,393,8,F1,-95.36654167355093,29.757363529118535
UNDER 5000SF,712.703376282,,419,8,X1,-95.37100799999999,29.760378999999997
,88009.3006755,COMMERCIAL,442,8,F1,-95.36294981177463,29.75634185035289
,58764.9173723,COMMERCIAL,469,8,F1,-95.36568301123529,29.756849621559375
,25100.0862083,,473,8,X1,-95.36924717686803,29.758863346657233
,40187.6359504,COMMERCIAL,487,8,F1,-95.36432593375231,29.757047262256567
,25139.1824461,COMMERCIAL,611,8,F1,-95.36493635385172,29.756146023762415
,46838.2403271,,618,8,X1,-95.37021681108367,29.760681598473695
UNDER 5000SF,4032.9998977,,714,8,X1,-95.37192997538281,29.76081660007821
,29391.8590595,,781,8,X1,-95.369381187902,29.760179915090117
,21050.8673497,COMMERCIAL,863,8,F1,-95.36395432557252,29.757112465389337
,64395.4690649,COMMERCIAL,966,8,Z5,-95.3650885,29.757600000000004
,30154.6084312,COMMERCIAL,1108,8,F1,-95.36393750224839,29.75580935777624
,29038.1173664,COMMERCIAL,1233,8,F1,-95.36466217570002,29.75647157480238
UNDER 5000SF,3831.28603456,,1293,8,X1,-95.3692305,29.75921
,27271.7909475,COMMERCIAL,1401,8,F1,-95.36768052283347,29.759149643803926
,42924.7242846,COMMERCIAL,117,9,F1,-95.36653853703355,29.76055839154383
,41430.508593,,118,9,X1,-95.36703664609115,29.759929745043774
,42342.88337950001,,156,9,X1,-95.36127368314183,29.757494260044083
,48396.6500692,,193,9,X1,-95.36045500736101,29.757001372882943
,58004.6238241,COMMERCIAL,194,9,F1,-95.36102345110616,29.756273675085477
,139163.514973,,206,9,X1,-95.36982779570023,29.761872306553126
,64421.0048209,COMMERCIAL,384,9,Z5,-95.36302192686135,29.758557063667467
,61716.9323891,COMMERCIAL,400,9,F1,-95.36360465451541,29.757788931580087
,65464.4598481,MULTIFAMILY,441,9,B1,-95.3621470451215,29.758016283206018
,53543.0277487,COMMERCIAL,468,9,F1,-95.365609208682,29.760096279738107
,130406.020491,COMMERCIAL,675,9,F1,-95.36419409323857,29.75870678878817
,31946.3151362,COMMERCIAL,677,9,F1,-95.36529389462285,29.75876011316532
,60087.4318473,COMMERCIAL,761,9,F1,-95.36476802923431,29.759603348564735
,61089.8057524,COMMERCIAL,846,9,F1,-95.36621967896262,29.759390421645417
,41976.5067018,,847,9,X1,-95.36739549999997,29.7610885
UNDER 5000SF,1482.16968866,,874,9,,-95.3677425,29.761297
UNDER 5000SF,480.415968058,,890,9,F1,-95.36306332148291,29.758142976459283
,66195.82870670002,COMMERCIAL,1036,9,F1,-95.3627410871668,29.75728499352172
UNDER 5000SF,4861.12111585,COMMERCIAL,177,10,F1,-95.36478286844708,29.761556655390702
,16565.2973545,COMMERCIAL,192,10,X1,-95.35861297739416,29.75953436511618
,17589.81294,COMMERCIAL,250,10,X1,-95.35920773472614,29.759892988221576
UNDER 5000SF,4579.29817008,COMMERCIAL,251,10,F1,-95.359464,29.759474499999996
,29459.9753227,COMMERCIAL,254,10,F1,-95.36168335648884,29.76027327666792
,55966.9656924,MULTIFAMILY,258,10,B1,-95.36210384721362,29.76140147063284
,71566.0573284,MULTIFAMILY,280,10,B1,-95.36269810793114,29.76061191501603
,63202.0344682,COMMERCIAL,283,10,F1,-95.36353330953322,29.76115598308219
,43128.7915189,COMMERCIAL,338,10,F1,-95.36429723634609,29.761689208324917
,208092.105968,COMMERCIAL,358,10,F1,-95.36782933360588,29.76246266071215
,50215.3979637,MULTIFAMILY,388,10,B1,-95.36386635138014,29.762403650231526
UNDER 5000SF,2736.76517614,,449,10,X1,-95.36580250000002,29.761659000000005
,30102.6560909,COMMERCIAL,467,10,F1,-95.36306600000002,29.761760499999998
,5201.77457199,COMMERCIAL,502,10,F1,-95.3590165,29.759288999999992
,32140.9040477,COMMERCIAL,506,10,F1,-95.36454576585137,29.763092077025902
UNDER 5000SF,2040.92177829,,508,10,X1,-95.36562881727544,29.761506876531342
,28552.3395764,COMMERCIAL,585,10,F1,-95.36191361120612,29.7599414246921
,8888.99046531,COMMERCIAL,605,10,F1,-95.36124749999999,29.7611675
,22889.3034586,COMMERCIAL,610,10,F1,-95.36400294642453,29.760393584133887
,8486.45141042,COMMERCIAL,669,10,F1,-95.35989456037315,29.758063327193696
,66751.4573529,,735,10,X1,-95.3650348253147,29.76087296900305
,9008.12306203,COMMERCIAL,774,10,F1,-95.36027138727655,29.760036820005002
,47900.7542233,,775,10,X1,-95.36070063771804,29.75825601626032
,62383.1971096,COMMERCIAL,777,10,F1,-95.3624185683689,29.759314835418127
UNDER 5000SF,2982.69137857,,778,10,X1,-95.36595,29.761168499999997
UNDER 5000SF,4151.2123512,COMMERCIAL,819,10,F1,-95.35987439265179,29.75971966114393
UNDER 5000SF,3228.15020327,COMMERCIAL,820,10,F1,-95.36077117292248,29.76093601768309
,6894.97809155,,838,10,X2,-95.35957450000001,29.7584975
,44773.7127418,COMMERCIAL,839,10,X3,-95.36087042702694,29.759605125063135
,24671.6895683,COMMERCIAL,968,10,F1,-95.36742172393589,29.76424820136216
,10452.0453745,COMMERCIAL,1016,10,X1,-95.35855695713171,29.75901317422603
,15643.9930582,COMMERCIAL,1019,10,F1,-95.36061348273084,29.760353283578425
,13883.8791067,COMMERCIAL,1034,10,F1,-95.3595579979137,29.757746667472926
,45866.3767371,,1060,10,X3,-95.360018886426,29.759086918464885
,10474.2212331,COMMERCIAL,1081,10,F1,-95.36017882565216,29.75770096634091
,17212.3540747,,1107,10,X1,-95.35923149999999,29.7587895
,62874.8244247,COMMERCIAL,1140,10,C2,-95.36331700000002,29.759840500000003
UNDER 5000SF,2099.76054168,,1201,10,X1,-95.35822680655473,29.75937880447547
UNDER 5000SF,3244.89996958,COMMERCIAL,1203,10,F1,-95.35990330311651,29.76039953812962
,59807.3803322,COMMERCIAL,1230,10,F1,-95.3615664504033,29.758773520670037
,60543.6855014,COMMERCIAL,1256,10,X1,-95.36525214751715,29.762199784521236
,16971.4983136,COMMERCIAL,1289,10,F1,-95.36469635600825,29.762702099425564
UNDER 5000SF,2336.80387374,,1311,10,X1,-95.36614273646092,29.761389808065847
UNDER 5000SF,790.808405804,,1319,10,X1,-95.369523,29.762965500000004
,106681.463947,,1397,10,X1,-95.36568786411901,29.763361542664
,19511.0121899,,107,11,X1,-95.35923714041851,29.766691772189528
,37121.1034972,,124,11,X1,-95.35851991212068,29.76260102972228
,25048.9968669,,253,11,X1,-95.35974014463265,29.761083984284355
,28000.7055936,COMMERCIAL,276,11,X1,-95.3606833744097,29.76150815596209
,21882.4013386,COMMERCIAL,277,11,Z5,-95.36151410147858,29.763310606724335
,7948.80207066,,284,11,X2,-95.3638829769571,29.767634118514653
,25079.1607086,,346,11,X1,-95.35950477926093,29.763253462331054
,36615.5893844,,389,11,X1,-95.35715700678425,29.762657955686937
UNDER 5000SF,1421.08058067,COMMERCIAL,396,11,F1,-95.3618598431317,29.76443855885777
,56052.3105041,COMMERCIAL,504,11,F1,-95.36145308268054,29.76212337829064
,18097.1151338,,547,11,X1,-95.35793317200536,29.763117513577104
,9071.95910777,COMMERCIAL,583,11,F1,-95.3600830197964,29.764361327189626
UNDER 5000SF,2739.52600693,COMMERCIAL,584,11,X1,-95.36059299999998,29.761983999999998
,5313.52885104,COMMERCIAL,634,11,F1,-95.36022760919091,29.761716344344187
,64864.0883204,COMMERCIAL,668,11,F1,-95.36030622866765,29.763648858385636
,62872.7707101,MULTIFAMILY,674,11,B1,-95.36320232519034,29.763180968033726
,32835.4346756,COMMERCIAL,701,11,F1,-95.35786986823766,29.759971686409227
,65742.83942800002,COMMERCIAL,703,11,Z5,-95.36000579350033,29.762366156988094
,14671.4222572,COMMERCIAL,733,11,F1,-95.36264814001774,29.763895823876638
,39603.1122624,,755,11,X1,-95.35891761757264,29.760498935637234
,17192.9004673,,773,11,X1,-95.35888109986868,29.76192967915976
,9210.99676171,COMMERCIAL,799,11,F1,-95.36089579419448,29.762579122209626
,5963.30457913,,861,11,X1,-95.35839318166718,29.76118594756109
,142714.424554,,957,11,X1,-95.35965633026686,29.76607258492797
,5738.71417064,,1018,11,X1,-95.36032114188718,29.765761611504328
UNDER 5000SF,4631.57391224,,1032,11,X1,-95.35873267090233,29.760757547121624
UNDER 5000SF,997.96568314,,1033,11,X1,-95.35888126225717,29.76075631105458
,26608.2489055,,1087,11,X2,-95.36422747906477,29.76377055550183
,13018.5325702,,1134,11,X1,-95.358254,29.760059499999997
,47114.9979591,,1142,11,X1,-95.35769066640133,29.762115062692086
UNDER 5000SF,4484.46927639,COMMERCIAL,1178,11,F1,-95.36096013787247,29.76405785147444
,7847.56563849,COMMERCIAL,1180,11,F1,-95.36204300101953,29.76438108864839
,63999.5596273,,1225,11,X1,-95.3569258225508,29.76160151021966
UNDER 5000SF,2081.76887266,COMMERCIAL,1332,11,F1,-95.3617466775034,29.764520540755527
,7377.7815048,,1377,11,X1,-95.35855183016606,29.763771992492373
,13386.1596741,COMMERCIAL,1386,11,X3,-95.36061260597947,29.76297037373781
,14450.7610504,COMMERCIAL,1388,11,F1,-95.36143150000001,29.764081000000004
UNDER 5000SF,4769.27311181,,101,0,X1,-95.34756298598275,29.763850120541978
,149533.569963,MULTIFAMILY,102,0,B1,-95.35243819319476,29.77299481425459
UNDER 5000SF,2055.73055346,,104,0,A1,-95.3546524841731,29.75100833890058
,6072.42746305,COMMERCIAL,105,0,F1,-95.35690600000002,29.750256
UNDER 5000SF,1161.07364751,,106,0,A1,-95.35823060524876,29.741097841625663
,7824.83927713,COMMERCIAL,108,0,F1,-95.359895,29.746948999999997
UNDER 5000SF,4141.99970077,,109,0,A1,-95.361051,29.740712000000006
UNDER 5000SF,1776.1784829,,110,0,A1,-95.36139384368198,29.739461641258085
,5530.62525318,,111,0,A1,-95.34664699999999,29.760021000000002
UNDER 5000SF,1768.93076719,,112,0,A1,-95.36238974187654,29.741418083626947
,33785.1491606,COMMERCIAL,113,0,F1,-95.34841110834236,29.769293248358913
,5893.51155898,,114,0,A1,-95.3635755,29.740756
,9955.13555287,MULTIFAMILY,115,0,B1,-95.350401,29.756597499999994
UNDER 5000SF,1998.90045663,,119,0,A1,-95.36715455641848,29.741682305607686
UNDER 5000SF,2020.4780153,,121,0,A1,-95.36765518649378,29.74198487193549
,14103.9484283,,125,0,X1,-95.35924915374932,29.744365961987175
UNDER 5000SF,1809.36078358,COMMERCIAL,127,0,F1,-95.36123027291383,29.74281987075134
UNDER 5000SF,2722.25064718,MULTIFAMILY,128,0,A1,-95.36179069436788,29.73901067161331
UNDER 5000SF,1912.60157823,,130,0,A1,-95.36422624084969,29.739796099695244
UNDER 5000SF,4870.20258986,,131,0,A1,-95.37639475646995,29.75623149510483
UNDER 5000SF,4725.77986966,COMMERCIAL,132,0,X2,-95.36469965220844,29.744883480797647
,12847.5119668,,133,0,A1,-95.3773868606499,29.75683569377736
UNDER 5000SF,3474.94831736,,134,0,A1,-95.36595650000001,29.7416885
,7179.25380642,COMMERCIAL,135,0,F1,-95.36614100000001,29.743081
UNDER 5000SF,1653.20771701,MULTIFAMILY,136,0,B1,-95.36607643292491,29.74230017363075
,6635.67747738,,137,0,A1,-95.37810475461603,29.75485647419955
UNDER 5000SF,809.84690257,,138,0,A1,-95.37838430020187,29.755910107350672
,5364.23846024,,139,0,,-95.37826695949504,29.7596597569558
UNDER 5000SF,2186.61768328,,140,0,X1,-95.36925810485764,29.766601847621306
UNDER 5000SF,1117.97787267,,141,0,A1,-95.36969052043221,29.745115318295223
UNDER 5000SF,4498.21076471,COMMERCIAL,142,0,F1,-95.37280308564321,29.76515309681088
,38922.1401048,COMMERCIAL,143,0,F1,-95.3744744978947,29.74898442314759
,29235.5758002,MULTIFAMILY,144,0,B1,-95.37427344338208,29.747574641574424
UNDER 5000SF,2185.47087945,MULTIFAMILY,145,0,B1,-95.3744318856499,29.747364668708634
,29809.4490176,MULTIFAMILY,146,0,B1,-95.37552416718866,29.7561572999911
UNDER 5000SF,3016.44707017,,147,0,X1,-95.37739478449826,29.759151745629136
UNDER 5000SF,366.353054498,,148,0,A1,-95.37790024040532,29.75497241791358
UNDER 5000SF,1383.24605994,,149,0,B2,-95.37794850000002,29.75481150000001
UNDER 5000SF,826.9164258,,150,0,A1,-95.37846979157075,29.75717858977043
UNDER 5000SF,3088.31497962,,151,0,A1,-95.37845900000002,29.756205499999997
UNDER 5000SF,785.980719445,,153,0,A1,-95.3578006226138,29.745479206069508
UNDER 5000SF,1967.55753569,,154,0,A1,-95.357786,29.7480185
UNDER 5000SF,1066.8436155,,155,0,X1,-95.359555075733,29.740052330304014
UNDER 5000SF,2250.23317533,,157,0,A1,-95.36174685054198,29.741419807729795
UNDER 5000SF,1465.27970003,,158,0,A1,-95.36338317264016,29.7400480089274
UNDER 5000SF,630.86551773,COMMERCIAL,159,0,F1,-95.36632850000001,29.744918000000002
UNDER 5000SF,1593.69694935,COMMERCIAL,164,0,F1,-95.37266790430333,29.765303255303746
,56676.1733161,COMMERCIAL,165,0,F1,-95.37332982605689,29.76655051078513
UNDER 5000SF,1935.08934906,COMMERCIAL,166,0,F1,-95.37457124629039,29.765234389695575
UNDER 5000SF,4736.53267884,,167,0,X1,-95.3488049147369,29.761919364250247
UNDER 5000SF,4321.32344762,COMMERCIAL,168,0,F1,-95.35558998870282,29.749872170151964
UNDER 5000SF,1024.56164145,,169,0,A1,-95.35555299740905,29.743808167511546
UNDER 5000SF,3062.39669081,COMMERCIAL,170,0,F1,-95.35644167211261,29.74497853411725
UNDER 5000SF,4150.04585305,,171,0,A1,-95.3561999780942,29.74438017226131
UNDER 5000SF,1255.08313392,,172,0,A1,-95.357791,29.741146999999998
UNDER 5000SF,1972.92133314,,174,0,A1,-95.36171641073119,29.74218209488012
UNDER 5000SF,2260.27768362,,175,0,A1,-95.3618553524826,29.741286368942454
UNDER 5000SF,546.747508229,,176,0,A1,-95.36400749999999,29.741084999999998
UNDER 5000SF,1734.03949201,,178,0,A1,-95.366984,29.743446
UNDER 5000SF,1769.70471697,,179,0,A1,-95.36725651508235,29.740046330561444
,30509.1674393,MULTIFAMILY,183,0,B1,-95.375662250957,29.754908531803764
UNDER 5000SF,1246.20292137,COMMERCIAL,184,0,F1,-95.37610675639303,29.76424372299643
UNDER 5000SF,4704.54751919,,185,0,X1,-95.34861747173096,29.76361161830476
,21588.3748094,MULTIFAMILY,186,0,F1,-95.35069177783569,29.756743887868776
,11108.1429812,MULTIFAMILY,187,0,X1,-95.35324498246625,29.753804629881472
UNDER 5000SF,974.696374203,,189,0,A1,-95.35641768679695,29.74432087132426
UNDER 5000SF,2133.86031946,,191,0,A1,-95.35846883177823,29.740054497768764
UNDER 5000SF,1014.49598737,COMMERCIAL,195,0,A1,-95.36101561759297,29.740440340823334
UNDER 5000SF,1874.97380821,,196,0,A1,-95.36304082386862,29.739805465716607
UNDER 5000SF,1209.48203879,,198,0,A1,-95.36641133944079,29.741991122626203
UNDER 5000SF,3514.84979079,,199,0,X3,-95.36689100000001,29.769541500000003
UNDER 5000SF,2231.17833452,,200,0,A1,-95.367172,29.741901500000008
,8772.59155788,COMMERCIAL,201,0,F1,-95.36826366870592,29.745251459185486
UNDER 5000SF,3871.95620672,,202,0,X1,-95.36959451066176,29.765527232348365
UNDER 5000SF,857.54031505,,203,0,A1,-95.36960550000002,29.745254999999997
UNDER 5000SF,3016.71410286,,204,0,A1,-95.36997584359935,29.746181631315835
UNDER 5000SF,2820.55438959,,205,0,A1,-95.36996697842159,29.744527845459253
,27186.5614819,COMMERCIAL,207,0,F1,-95.37195282990105,29.74744837512913
,5056.72312465,COMMERCIAL,208,0,F1,-95.37425825311774,29.764992551742107
,7942.40950455,COMMERCIAL,209,0,F1,-95.37561411881894,29.750394845430282
UNDER 5000SF,3652.16297518,,210,0,X1,-95.37612491414684,29.7630567783079
,22290.5226066,COMMERCIAL,211,0,F1,-95.3767555,29.749427500000007
,7603.92502324,,212,0,X1,-95.376696,29.7595295
UNDER 5000SF,3482.18377,COMMERCIAL,213,0,F1,-95.37742064952108,29.75292098108684
UNDER 5000SF,2753.0359794,COMMERCIAL,214,0,F1,-95.37718132218262,29.7530924500524
UNDER 5000SF,4732.81038175,,215,0,A1,-95.3771902239643,29.756324246462327
UNDER 5000SF,869.214123058,,216,0,A1,-95.37794874969022,29.7568620346964
UNDER 5000SF,3437.62984416,,217,0,A1,-95.378035,29.756555
,68779.9399028,MULTIFAMILY,218,0,B1,-95.37818711395387,29.752275160935685
UNDER 5000SF,3262.47252301,,219,0,X1,-95.34894999999999,29.763016
,30308.0015695,COMMERCIAL,220,0,F1,-95.35007774853125,29.772284446155314
,15352.4164852,,221,0,X2,-95.35128194715243,29.757035387005278
,13358.4682119,COMMERCIAL,222,0,F1,-95.3562145,29.747919999999997
,49152.4491485,COMMERCIAL,223,0,F1,-95.35682750000002,29.747096500000005
,19209.2141701,COMMERCIAL,224,0,F1,-95.35737863856679,29.7497457055671
UNDER 5000SF,968.379974915,,225,0,A1,-95.35755357876441,29.740987999821215
,37488.4257995,,227,0,X1,-95.35882327766268,29.768066150546044
UNDER 5000SF,1795.26251467,,229,0,A1,-95.36176801182975,29.74050983031161
UNDER 5000SF,3007.11057759,COMMERCIAL,230,0,X2,-95.36487424124434,29.745037632251627
UNDER 5000SF,958.17835781,,232,0,A1,-95.36737125409441,29.770388074181113
UNDER 5000SF,2278.35797569,,233,0,X2,-95.36973027933267,29.745707314134226
UNDER 5000SF,576.968049387,,234,0,X1,-95.3702125,29.765034
UNDER 5000SF,604.751997345,COMMERCIAL,236,0,F1,-95.3728205,29.749898500000004
UNDER 5000SF,2218.16634618,,238,0,X1,-95.37674432491396,29.759129242679638
UNDER 5000SF,3931.40819468,,239,0,X1,-95.37732453577456,29.75888474680169
,5479.60011474,,240,0,A1,-95.37764819362074,29.75606125761692
,18781.0015434,COMMERCIAL,241,0,F1,-95.37826949999999,29.757498
UNDER 5000SF,3258.38059218,,242,0,A1,-95.34603134162063,29.761059923501918
UNDER 5000SF,4371.53202932,,243,0,X1,-95.34747947251368,29.76190861247278
UNDER 5000SF,2756.52493071,,244,0,X1,-95.34903562432235,29.762805466373624
UNDER 5000SF,3594.72494854,,245,0,X1,-95.34922289864423,29.76222887107958
UNDER 5000SF,2008.84947532,,247,0,A1,-95.35620117286682,29.74639552865473
UNDER 5000SF,4810.44563598,COMMERCIAL,248,0,F1,-95.35673365459068,29.748398590268035
UNDER 5000SF,1249.94957635,,249,0,A1,-95.35772171768471,29.74092940985272
UNDER 5000SF,4063.85402065,,255,0,X3,-95.36225260458114,29.74230734145614
UNDER 5000SF,1750.01639258,,256,0,A1,-95.3624378793035,29.740567308182737
UNDER 5000SF,934.212321867,,259,0,A1,-95.36307798097356,29.741329341981718
UNDER 5000SF,935.839180792,,260,0,A1,-95.363544,29.740129000000003
UNDER 5000SF,1428.46291064,,261,0,A1,-95.3635405,29.739849999999993
UNDER 5000SF,2215.19812163,MULTIFAMILY,262,0,B1,-95.365023,29.744317499999994
UNDER 5000SF,1221.02918277,,265,0,A1,-95.36770649999998,29.770559999999996
UNDER 5000SF,2081.1818511,,266,0,A1,-95.36885,29.745161
UNDER 5000SF,369.49731624,,268,0,X1,-95.3736305,29.763103
UNDER 5000SF,781.271898163,COMMERCIAL,269,0,F1,-95.37482815461685,29.765104323043598
,7918.81985001,,270,0,A1,-95.3764975,29.756952499999997
UNDER 5000SF,4419.09424285,,271,0,X1,-95.34765752804798,29.76147838461137
UNDER 5000SF,1656.61058684,,272,0,A1,-95.34811331954022,29.756679951724134
UNDER 5000SF,1086.12063839,,273,0,A1,-95.34854344199472,29.756212639076296
,22754.391778,,274,0,Z5,-95.35079114235478,29.7534371721637
UNDER 5000SF,4409.29368368,COMMERCIAL,275,0,F1,-95.35573377588162,29.75191732700797
UNDER 5000SF,3108.44540785,,278,0,A1,-95.36205314998823,29.739355863639176
UNDER 5000SF,3657.38349265,,279,0,A1,-95.36188250000002,29.739682999999996
UNDER 5000SF,1619.6277452,,281,0,B2,-95.36250350719162,29.741855831046976
UNDER 5000SF,991.342843831,,282,0,A1,-95.36257617499128,29.7415927341949
UNDER 5000SF,3303.72922219,,285,0,A1,-95.36481821541365,29.7432781756335
UNDER 5000SF,2059.19166549,,286,0,A1,-95.366949,29.742463500000003
UNDER 5000SF,855.24658779,,287,0,A1,-95.3672865,29.7711125
,22585.0112997,COMMERCIAL,288,0,F1,-95.36700369590177,29.742290805910734
UNDER 5000SF,1916.64034958,,289,0,A1,-95.36764133135667,29.77064598792932
UNDER 5000SF,838.785890714,,291,0,X3,-95.37149261989269,29.766284699683588
,17599.6583585,COMMERCIAL,294,0,F1,-95.37252308790347,29.747941920490334
UNDER 5000SF,4527.32625304,COMMERCIAL,296,0,F1,-95.37404599999999,29.749992499999998
UNDER 5000SF,978.209887809,,297,0,X1,-95.3764135,29.763125499999997
UNDER 5000SF,989.742665481,,298,0,X1,-95.376351,29.751902
,12183.7376208,MULTIFAMILY,299,0,Z4,-95.37733600679312,29.753736579907958
UNDER 5000SF,1599.90703448,,300,0,A1,-95.37797924291604,29.755590475529264
,5431.59175797,,301,0,A1,-95.346547,29.760415000000005
UNDER 5000SF,4864.66535337,COMMERCIAL,302,0,F1,-95.3467803156286,29.75861306266235
,9121.04612809,COMMERCIAL,303,0,F1,-95.34897645471568,29.76062886363147
,13322.0415853,COMMERCIAL,304,0,F1,-95.34913689576223,29.755559860394033
UNDER 5000SF,3263.45955204,COMMERCIAL,310,0,F1,-95.3611611493074,29.742924859888006
UNDER 5000SF,3248.2770508,,311,0,A1,-95.36124216963366,29.741262869132647
UNDER 5000SF,4729.31059627,,312,0,X1,-95.34870950000003,29.7621305
UNDER 5000SF,3292.74813467,,313,0,X1,-95.3488785,29.761715000000002
UNDER 5000SF,2834.59818217,,314,0,X1,-95.349062,29.762525
UNDER 5000SF,4903.84419708,,315,0,X1,-95.34874599999998,29.763420999999997
UNDER 5000SF,3387.30613696,MULTIFAMILY,318,0,B1,-95.36561615258277,29.742849980191725
UNDER 5000SF,1174.39565721,,319,0,A1,-95.3662415,29.7418885
UNDER 5000SF,1685.72359787,COMMERCIAL,320,0,F1,-95.36667932518544,29.740760449640536
,38536.3043512,COMMERCIAL,322,0,F1,-95.35524499963964,29.750554706552908
,14729.9341013,COMMERCIAL,324,0,F1,-95.35552530629747,29.751829759402614
,25465.1803366,COMMERCIAL,327,0,F1,-95.35039149999999,29.7585335
UNDER 5000SF,678.585890902,,328,0,A1,-95.35774263953851,29.745561711256627
UNDER 5000SF,1334.43634251,,329,0,A1,-95.3578855079214,29.741026163588923
UNDER 5000SF,2847.64772628,,330,0,A1,-95.3579565,29.7414435
UNDER 5000SF,1522.8513619,COMMERCIAL,332,0,A1,-95.37284750807004,29.764906906797005
,25924.5537064,,333,0,X1,-95.37340970896149,29.750258049412473
,27951.4302526,COMMERCIAL,334,0,F1,-95.35500515054895,29.748206108032228
UNDER 5000SF,790.450821782,COMMERCIAL,335,0,F1,-95.37532395094175,29.74950636136662
UNDER 5000SF,290.286269255,,336,0,A1,-95.36422350000001,29.739888499999996
UNDER 5000SF,3217.00479001,,339,0,A1,-95.36500335589442,29.742886532083592
UNDER 5000SF,912.589919157,,340,0,X1,-95.37760600000001,29.75861799999999
UNDER 5000SF,755.742931004,,341,0,A1,-95.35814599999999,29.745328
UNDER 5000SF,2209.16978772,,342,0,B2,-95.35819132988505,29.740204990804596
,6533.09750194,,343,0,A1,-95.36622600000001,29.743774000000002
UNDER 5000SF,2105.60427325,,344,0,A1,-95.36613400509783,29.741776163405135
,5863.1083175,,345,0,A1,-95.37817749999999,29.753670999999997
,10355.5876169,,347,0,X1,-95.36070550000001,29.7451635
UNDER 5000SF,1034.78911134,,348,0,A1,-95.36713425382843,29.771039179527207
UNDER 5000SF,3220.16701946,,349,0,A1,-95.36720849999999,29.743261000000004
UNDER 5000SF,2237.97103031,,350,0,Z4,-95.36798583802646,29.74268200917999
UNDER 5000SF,2081.41827762,,351,0,A1,-95.36186649999998,29.739210500000002
UNDER 5000SF,1910.46457251,,352,0,A1,-95.36252400000002,29.739886999999996
UNDER 5000SF,3092.31680316,,353,0,A1,-95.36613315258286,29.74216486102817
UNDER 5000SF,4251.32552579,,355,0,A1,-95.36733567483405,29.741569509499957
,58730.6160193,MULTIFAMILY,356,0,B1,-95.37620404547991,29.749960823779087
,5037.34300125,,357,0,A1,-95.37679549999999,29.7566705
UNDER 5000SF,757.097831688,,359,0,A1,-95.37799544798415,29.757191748291543
,6301.41047456,,360,0,X1,-95.36978176363876,29.766031453189527
,11402.045239,,362,0,,-95.3782702116969,29.758800232792538
,8149.76664855,MULTIFAMILY,363,0,B1,-95.3740165,29.747934499999996
,8070.55250229,MULTIFAMILY,364,0,B1,-95.374876,29.748453
,16357.7757104,COMMERCIAL,365,0,F1,-95.37589918596574,29.748913543108923
,5135.10660748,,366,0,X1,-95.3766265,29.758626000000007
UNDER 5000SF,866.445615948,,367,0,A1,-95.377949,29.756725
UNDER 5000SF,776.947102539,,368,0,A1,-95.37807474724596,29.75718536093576
UNDER 5000SF,744.355108474,,369,0,A1,-95.378141749354,29.75592087080103
,5270.69312372,COMMERCIAL,370,0,F1,-95.34887770057475,29.75769010815771
,57396.3693683,,371,0,X1,-95.35049299514031,29.771523352593064
,11172.7390645,COMMERCIAL,372,0,J4,-95.35095175227592,29.772047566020692
UNDER 5000SF,795.821912548,COMMERCIAL,373,0,C2,-95.35155600000002,29.771176499999996
,57698.6239254,MULTIFAMILY,375,0,X1,-95.35384763265877,29.75413871311015
UNDER 5000SF,1856.31650335,,376,0,B2,-95.35674050000002,29.740723
,7939.38677116,COMMERCIAL,377,0,F1,-95.3568485300733,29.750679272915367
,81620.598648,MULTIFAMILY,378,0,B1,-95.34864162490001,29.758544348105925
UNDER 5000SF,726.945227841,,379,0,A1,-95.35798541970311,29.745532182186235
UNDER 5000SF,928.095853379,,380,0,A1,-95.35794349999998,29.741239999999994
,8517.17666965,,381,0,X1,-95.35986619932379,29.740390521795497
UNDER 5000SF,2316.72482865,COMMERCIAL,382,0,F1,-95.36010795379966,29.740996171632123
UNDER 5000SF,3818.47392734,,383,0,X3,-95.36199634468846,29.742274388476638
UNDER 5000SF,4268.38014349,,385,0,A1,-95.36283420989608,29.740846394418757
UNDER 5000SF,1709.45098156,,386,0,A1,-95.36361516977821,29.74025925510055
UNDER 5000SF,1597.83475429,,387,0,A1,-95.3557232160262,29.744185174130795
UNDER 5000SF,3484.56373153,COMMERCIAL,391,0,F1,-95.36677449999999,29.740644000000003
UNDER 5000SF,2402.05881178,COMMERCIAL,392,0,F1,-95.35808183519521,29.746750503663666
UNDER 5000SF,829.431277135,,395,0,F1,-95.36894294125561,29.74590395428929
UNDER 5000SF,1947.1585652,,397,0,A1,-95.3622995,29.740422999999996
UNDER 5000SF,1986.18386421,,398,0,A1,-95.362622,29.7397595
,9078.22002396,,399,0,A1,-95.36316502244878,29.740617374306556
,45828.8801246,,401,0,X1,-95.37060304678033,29.768079882814302
UNDER 5000SF,2898.24146937,COMMERCIAL,402,0,F1,-95.37191283019732,29.746155495563123
,5989.98528445,COMMERCIAL,403,0,F1,-95.37194314479585,29.74599747574639
UNDER 5000SF,1237.68245189,,405,0,B3,-95.36558884786595,29.738846022910256
,5650.56378435,,407,0,X3,-95.37321899999999,29.765586000000003
UNDER 5000SF,3692.109154,COMMERCIAL,408,0,F1,-95.37482849999998,29.765720499999993
UNDER 5000SF,939.716949794,,409,0,A1,-95.36758449999999,29.7703225
UNDER 5000SF,2930.93780393,COMMERCIAL,410,0,A1,-95.36785103902572,29.740941029069123
,30641.9618177,MULTIFAMILY,411,0,B1,-95.375154680533,29.74809545472928
,5911.71727739,COMMERCIAL,412,0,C2,-95.37550370921916,29.749280955475722
UNDER 5000SF,2812.29233667,,413,0,A1,-95.37591224561258,29.75537980304211
UNDER 5000SF,1613.5569391,,414,0,A1,-95.37626388018786,29.76452120148275
UNDER 5000SF,4679.07890939,,415,0,A1,-95.3771775,29.755307
UNDER 5000SF,980.582844131,,416,0,A1,-95.37795450000002,29.756341500000005
UNDER 5000SF,4364.23202725,COMMERCIAL,417,0,F1,-95.37018634555136,29.74502763892488
UNDER 5000SF,3791.95027951,COMMERCIAL,418,0,F1,-95.37046481171528,29.74477441196792
UNDER 5000SF,3257.68259135,,422,0,A1,-95.37535949999999,29.764858500000003
UNDER 5000SF,2200.45812924,,423,0,A1,-95.37601924719003,29.764226217316068
,5075.0439171,,424,0,A1,-95.37618974970344,29.756230685646496
,5086.62005297,,425,0,A1,-95.3764,29.756671500000007
,62848.7527458,MULTIFAMILY,426,0,B1,-95.37790953927885,29.7509983820964
UNDER 5000SF,1573.42993505,,427,0,A1,-95.3779348918879,29.75505875184588
UNDER 5000SF,926.286110374,,428,0,A1,-95.3780612915966,29.756278075541434
,17651.7297593,COMMERCIAL,429,0,F1,-95.3473672345705,29.757857837073985
UNDER 5000SF,1127.08071043,,432,0,X1,-95.3534287935354,29.751718905386035
,14790.9654914,COMMERCIAL,434,0,F1,-95.35594891363264,29.74877278757471
UNDER 5000SF,688.464583339,COMMERCIAL,435,0,A1,-95.35660350000002,29.743977000000005
UNDER 5000SF,2595.49859922,COMMERCIAL,436,0,F1,-95.35760590928497,29.744257405905373
UNDER 5000SF,1520.56756776,,437,0,A1,-95.35777200000003,29.7477605
UNDER 5000SF,984.876335686,,438,0,A1,-95.35781671904844,29.747899339817582
,6804.71491893,COMMERCIAL,439,0,F1,-95.35940701501045,29.746646659712685
UNDER 5000SF,2613.76295793,,443,0,A1,-95.36398249999999,29.738623
UNDER 5000SF,2187.04377992,,444,0,A1,-95.36482300000002,29.738569499999997
UNDER 5000SF,4715.98176712,,445,0,A1,-95.36503084284787,29.739607051458083
,22427.4839869,COMMERCIAL,446,0,F1,-95.36553308512212,29.742199595527147
UNDER 5000SF,4389.22983712,,447,0,A1,-95.3650848113019,29.743444122055973
UNDER 5000SF,1441.46092313,,448,0,B3,-95.36551374523228,29.738924354953223
UNDER 5000SF,913.076224081,,450,0,Z4,-95.36795950000003,29.742918
UNDER 5000SF,3803.38037648,,452,0,X1,-95.37618687046225,29.76329470822272
UNDER 5000SF,1316.26969073,,453,0,A1,-95.37675000000002,29.75802750000001
,7988.4568002,,454,0,A1,-95.37714696725246,29.755584910136303
UNDER 5000SF,842.97582086,,455,0,A1,-95.3782037442216,29.754939625732995
UNDER 5000SF,808.686826087,,456,0,A1,-95.37822344680697,29.756673756166006
UNDER 5000SF,1105.92863848,,457,0,A1,-95.37828049999999,29.754706000000006
UNDER 5000SF,2753.05793533,COMMERCIAL,458,0,F1,-95.34917749999998,29.760852000000003
UNDER 5000SF,1294.82613644,COMMERCIAL,459,0,F1,-95.3499815,29.756358500000005
,67836.9575719,COMMERCIAL,460,0,J5,-95.35045896343948,29.77390745722743
,10576.5264708,COMMERCIAL,461,0,F1,-95.3548835,29.752663999999996
UNDER 5000SF,1136.89497696,,462,0,A1,-95.3580885,29.740922499999996
UNDER 5000SF,1281.63012496,,463,0,A1,-95.35804799999998,29.741126000000005
UNDER 5000SF,2937.24796916,,464,0,A1,-95.3586965,29.7402535
UNDER 5000SF,3316.46266341,,465,0,A1,-95.35882814258038,29.740341614300384
,5973.28241041,COMMERCIAL,466,0,F1,-95.35960999999999,29.7464325
,11105.5046093,COMMERCIAL,470,0,F1,-95.366983,29.740364500000005
UNDER 5000SF,1934.75590438,,471,0,A1,-95.36742714914243,29.740151214168534
UNDER 5000SF,2883.78522453,COMMERCIAL,472,0,A1,-95.36776049090787,29.741054152491497
UNDER 5000SF,4850.12244253,,475,0,A1,-95.37657960588504,29.756230034505183
UNDER 5000SF,4636.33320891,,476,0,A1,-95.37756449999998,29.756321999999997
UNDER 5000SF,744.529882853,,477,0,A1,-95.37813524722932,29.75569162915601
,6358.95599659,,478,0,X1,-95.37811750257396,29.75824846069482
UNDER 5000SF,4613.2377651,,479,0,X1,-95.3480138460403,29.764324019635797
UNDER 5000SF,1321.88710438,,480,0,A1,-95.34829353233809,29.756445900228446
,47949.4028772,,481,0,F2,-95.34924797263902,29.77300526740406
UNDER 5000SF,1065.98923351,,483,0,A1,-95.35601600000001,29.744510000000002
UNDER 5000SF,827.99105379,COMMERCIAL,484,0,A1,-95.35792827014218,29.745599162717223
,31759.0984942,,488,0,X1,-95.36939074891032,29.76909584713791
UNDER 5000SF,2738.45836022,COMMERCIAL,490,0,F1,-95.3722045,29.7458255
,8475.39092729,,491,0,X1,-95.37589824834158,29.752273833929074
UNDER 5000SF,701.83123861,,492,0,A1,-95.37575285598399,29.755561684891337
UNDER 5000SF,2977.31250272,,493,0,X1,-95.37621766884375,29.75566407444088
UNDER 5000SF,2280.15649673,,494,0,A1,-95.37826860715494,29.75563447562169
UNDER 5000SF,4800.33090782,,495,0,X1,-95.34786549999998,29.7634975
UNDER 5000SF,4800.48967519,,496,0,X1,-95.34849702382584,29.763802624343462
UNDER 5000SF,2577.51996212,,497,0,X1,-95.34899954236808,29.76153103323484
,67548.0100023,COMMERCIAL,498,0,F1,-95.34988900676133,29.76818571128234
,58059.5840418,MULTIFAMILY,500,0,X1,-95.35358917536104,29.75286903255918
,24825.0191118,COMMERCIAL,501,0,F1,-95.35542506833376,29.742732042032706
UNDER 5000SF,1940.10093232,,503,0,A1,-95.36148708862316,29.741316132508377
,9059.93276687,,505,0,A1,-95.36299562194168,29.740538304981023
UNDER 5000SF,3054.76416675,,507,0,A1,-95.36498800000001,29.7435495
UNDER 5000SF,3570.64978639,COMMERCIAL,510,0,A1,-95.36757435369795,29.741162900439615
UNDER 5000SF,1687.37161164,,512,0,B3,-95.36801559561665,29.77029584333436
UNDER 5000SF,2767.57300233,,514,0,A1,-95.36981649999998,29.744716500000003
UNDER 5000SF,4032.82051348,COMMERCIAL,515,0,F1,-95.37048150000001,29.746338499999997
UNDER 5000SF,1698.92472407,,516,0,A1,-95.37077800000002,29.745115000000006
,22507.1244079,COMMERCIAL,517,0,F1,-95.37113695807885,29.74534367487141
,52019.2966129,MULTIFAMILY,519,0,X1,-95.37332407622472,29.747160428282893
UNDER 5000SF,4780.42908485,COMMERCIAL,521,0,F1,-95.3744339331362,29.765882948355564
,8169.87408461,COMMERCIAL,522,0,F1,-95.37461942671375,29.76495257457157
UNDER 5000SF,725.31345077,,523,0,A1,-95.3779805,29.755923
UNDER 5000SF,1075.2310169,,524,0,A1,-95.37851549999999,29.754688999999996
UNDER 5000SF,4521.17250509,,525,0,X1,-95.34863739057488,29.761273354798913
,5807.08416459,COMMERCIAL,526,0,F1,-95.35018685624193,29.755604080548625
,48242.5077573,COMMERCIAL,527,0,F1,-95.351208,29.755947
UNDER 5000SF,1624.43987086,COMMERCIAL,529,0,F1,-95.35666440370883,29.744092706786507
UNDER 5000SF,1271.47546771,COMMERCIAL,530,0,F1,-95.35710449999999,29.740936500000004
,19919.422542,COMMERCIAL,532,0,F1,-95.35907668269734,29.74397114308229
,5328.45143267,COMMERCIAL,533,0,F1,-95.3599724686471,29.746617444766933
UNDER 5000SF,3650.47180069,,534,0,A1,-95.36152032769478,29.74091865262298
UNDER 5000SF,1796.41417878,,535,0,A1,-95.36201200000001,29.740655000000007
UNDER 5000SF,3006.46216267,,536,0,A1,-95.36270900000001,29.741572499999997
UNDER 5000SF,2669.51498185,,539,0,A1,-95.36381898062956,29.738526341807905
UNDER 5000SF,3806.20856433,,540,0,A1,-95.36401100000002,29.738449999999997
,48355.1837461,COMMERCIAL,541,0,F1,-95.3645407509697,29.73900663511554
,7933.87160603,COMMERCIAL,542,0,C2,-95.36632156567353,29.74143134025323
UNDER 5000SF,3059.50363725,COMMERCIAL,543,0,F1,-95.36681482805496,29.74137348503254
,10514.4207969,COMMERCIAL,544,0,F1,-95.35186649999999,29.756191999999995
,11790.0432692,COMMERCIAL,545,0,F1,-95.35453562486029,29.75010621497361
,47297.3875232,COMMERCIAL,546,0,,-95.37302602225314,29.749126142459406
UNDER 5000SF,1411.01370017,,548,0,A1,-95.3580425,29.741336
,10345.6201571,COMMERCIAL,549,0,F1,-95.35918681502368,29.746146606008203
UNDER 5000SF,2966.23800444,COMMERCIAL,552,0,F1,-95.375289,29.751535500000003
,7596.74778472,,553,0,A1,-95.37648461224411,29.755947352793285
UNDER 5000SF,1582.33074022,MULTIFAMILY,555,0,B1,-95.36227090381014,29.73918517450823
UNDER 5000SF,1903.5414663,,556,0,A1,-95.36236099999999,29.739767999999998
,61377.7603681,MULTIFAMILY,557,0,B1,-95.377327,29.7517405
UNDER 5000SF,1750.34754418,,558,0,A1,-95.36262450000001,29.741450999999994
UNDER 5000SF,4349.4221907,COMMERCIAL,559,0,F1,-95.37750787253509,29.75267547953123
,36266.7344649,MULTIFAMILY,560,0,B1,-95.37737017231335,29.75422974278185
,31361.9461529,,562,0,X1,-95.36810572385284,29.744011413787394
UNDER 5000SF,513.374584566,,563,0,X1,-95.3681655,29.7673415
,5318.42795881,,564,0,Z4,-95.36813441129642,29.74294790238248
,21781.7074102,COMMERCIAL,566,0,X2,-95.36941131452552,29.74574889690882
UNDER 5000SF,3929.69083311,,567,0,X1,-95.37003488033083,29.766037115058975
,26256.9867503,COMMERCIAL,568,0,F1,-95.37043976974032,29.747584011314085
UNDER 5000SF,3625.39681235,COMMERCIAL,570,0,F1,-95.3727540595581,29.764524215681284
,8590.96894926,COMMERCIAL,571,0,F1,-95.37394813622075,29.749561845849332
UNDER 5000SF,1012.5435685,,572,0,A1,-95.37683275241245,29.75694986095282
UNDER 5000SF,3456.17068113,,573,0,A1,-95.3770674607743,29.75600375642631
UNDER 5000SF,1577.3439588,,574,0,A1,-95.377942,29.7556905
,21439.9346066,COMMERCIAL,575,0,F1,-95.34762618061241,29.7712061070505
UNDER 5000SF,4811.00561536,,576,0,J4,-95.35171270445342,29.770840809671146
,21519.4777083,COMMERCIAL,579,0,Z4,-95.35413939227745,29.750990684974237
UNDER 5000SF,2129.79090094,COMMERCIAL,580,0,C2,-95.35801134548099,29.747025606172276
UNDER 5000SF,1242.21057996,MULTIFAMILY,581,0,B1,-95.35895866891212,29.74140753076268
UNDER 5000SF,1134.77806455,MULTIFAMILY,586,0,A1,-95.36219267751612,29.739265347217277
UNDER 5000SF,2041.29800284,,588,0,A1,-95.36835824933331,29.74554255827891
UNDER 5000SF,1823.11740448,,589,0,A1,-95.36994599805858,29.744835667341945
UNDER 5000SF,2325.09759326,,590,0,X1,-95.37098584643952,29.766175163461458
,8200.3288208,COMMERCIAL,591,0,F1,-95.37355070400757,29.748513268355556
,27508.925857,COMMERCIAL,592,0,F1,-95.37434807120952,29.7643444800415
UNDER 5000SF,2484.42239432,COMMERCIAL,593,0,C2,-95.37576273580623,29.74848789759908
UNDER 5000SF,977.691904104,,594,0,A1,-95.376158,29.756954000000007
UNDER 5000SF,749.077373812,,595,0,A1,-95.37815350000001,29.75719
,5725.33734182,,596,0,,-95.37827848328732,29.75942212629754
UNDER 5000SF,4738.64784926,,597,0,X1,-95.34862040262352,29.76234398675238
UNDER 5000SF,1293.46262501,,599,0,A1,-95.35780482844777,29.740976420202557
,18538.3126802,COMMERCIAL,600,0,F1,-95.35819432652565,29.748890478526405
,26537.8088884,COMMERCIAL,601,0,F1,-95.35874034079706,29.746165664803083
,16656.0788088,COMMERCIAL,602,0,F1,-95.35958599549247,29.745591910504174
UNDER 5000SF,2987.53497455,COMMERCIAL,603,0,F1,-95.36037350996754,29.741514128419098
,8429.90980055,,604,0,X3,-95.36070630358357,29.741892469663775
UNDER 5000SF,1988.53874579,,606,0,A1,-95.36216142513858,29.740339674860454
UNDER 5000SF,1190.95905323,,607,0,B3,-95.36217548519647,29.741831173910935
UNDER 5000SF,423.425505921,,609,0,A3,-95.36404068574805,29.739891534823496
UNDER 5000SF,932.346624062,,614,0,A1,-95.36714132342989,29.7434119617067
,39842.37704340001,,615,0,X1,-95.36932838663022,29.768680396667303
UNDER 5000SF,1217.16734493,,617,0,X1,-95.3695125,29.765408
,18696.8379708,COMMERCIAL,619,0,X3,-95.3720018786818,29.745377234262683
UNDER 5000SF,1194.38180795,COMMERCIAL,620,0,A1,-95.37534770098064,29.76501274756453
UNDER 5000SF,3562.07528376,,621,0,A1,-95.37556549999998,29.755383000000002
,5098.21809598,,622,0,A1,-95.37659153692493,29.756670746628185
UNDER 5000SF,951.954778217,,623,0,A1,-95.37791949999999,29.757203
UNDER 5000SF,2557.00912492,,624,0,A1,-95.37803347046389,29.753409456043748
UNDER 5000SF,1083.40503813,,625,0,A1,-95.37826100000001,29.756554000000005
,7917.97856995,COMMERCIAL,626,0,F1,-95.37871241147506,29.75813014996052
UNDER 5000SF,2190.42233286,,627,0,A1,-95.37857324030804,29.75597941898264
,20356.9902508,MULTIFAMILY,628,0,B1,-95.34637599255697,29.761267836710942
UNDER 5000SF,1687.19386164,,629,0,A1,-95.3487119243502,29.756590794550846
UNDER 5000SF,1249.14016379,,631,0,A1,-95.35762831971972,29.74104958318319
UNDER 5000SF,1172.6765517,,632,0,A1,-95.357922,29.7408245
UNDER 5000SF,2167.39143118,,633,0,A1,-95.3581825,29.745453499999996
UNDER 5000SF,1048.81686392,,635,0,A1,-95.3608375,29.742097
UNDER 5000SF,2348.31168743,,636,0,A1,-95.361295400367,29.74015533104782
UNDER 5000SF,3298.59776664,,637,0,A1,-95.36244455427644,29.741343220091675
UNDER 5000SF,3552.21097294,,638,0,A1,-95.36248663791638,29.742005354133834
UNDER 5000SF,1921.89554226,,639,0,A1,-95.3624437666006,29.739663648970033
,14067.7021806,,642,0,A1,-95.36533449999999,29.7385265
UNDER 5000SF,2285.65478987,,643,0,A1,-95.36729196244677,29.741975183120406
,11739.9476843,,644,0,A1,-95.3675512908134,29.74363227765106
,5524.52353906,,645,0,Z4,-95.36764810602737,29.742655180507676
UNDER 5000SF,1123.87546996,,646,0,A1,-95.36768463997261,29.770336684462695
,25686.4224666,,647,0,X1,-95.36826968857169,29.768107169660013
UNDER 5000SF,1949.78217446,,648,0,A1,-95.3698744547903,29.74508367269463
UNDER 5000SF,877.710031616,,650,0,X1,-95.37645226948023,29.76197739446928
UNDER 5000SF,409.686343864,,651,0,A1,-95.37827850000001,29.7552905
,41235.02169020001,,652,0,F2,-95.34851303167689,29.771090129321163
,5437.02608986,COMMERCIAL,653,0,F1,-95.35837842852541,29.741756247354395
UNDER 5000SF,3465.66302602,MULTIFAMILY,654,0,B1,-95.35912563360144,29.74151085254691
,17280.5319802,COMMERCIAL,655,0,F1,-95.35999369149027,29.74458221954097
UNDER 5000SF,302.177677586,MULTIFAMILY,656,0,B1,-95.36215100000001,29.738891000000006
,62610.9907398,MULTIFAMILY,657,0,B1,-95.36787182494062,29.74603046755965
UNDER 5000SF,1059.97119128,,659,0,A1,-95.37010150000002,29.746090499999998
,52692.9999651,MULTIFAMILY,662,0,B1,-95.37336313786825,29.76434643985993
,14255.3474546,,663,0,X1,-95.37585516596981,29.75906148155839
,7377.39542519,,664,0,X1,-95.37724150000001,29.759526000000005
UNDER 5000SF,1289.31778462,COMMERCIAL,665,0,F1,-95.35185928345564,29.772203065747867
UNDER 5000SF,780.673147031,COMMERCIAL,666,0,,-95.35622963655628,29.7452762105756
,9802.0959331,COMMERCIAL,667,0,F1,-95.35745677414408,29.748323142170307
UNDER 5000SF,506.286936447,,670,0,A1,-95.36189249078613,29.742225669326338
UNDER 5000SF,1804.26242807,,671,0,A1,-95.36234999999999,29.740676999999998
,22753.6864875,,672,0,X1,-95.36278104594355,29.742855247057303
UNDER 5000SF,1779.10639771,,673,0,A1,-95.36261395527877,29.74034517071061
,7547.18045439,,678,0,Z4,-95.36578270097876,29.74344896499465
,5083.73883829,,680,0,A1,-95.36693899999999,29.742656999999994
,17543.4128443,,681,0,Z4,-95.36759437231727,29.74312265326631
,17079.7460935,,683,0,X1,-95.36932815141338,29.764392766902912
,8085.97560058,COMMERCIAL,685,0,F1,-95.37019576325322,29.74825615734272
UNDER 5000SF,731.764685108,,686,0,X1,-95.37041658779468,29.76557785947068
,9824.30404771,COMMERCIAL,687,0,F1,-95.37239528354155,29.749616642803577
,5904.15779177,COMMERCIAL,688,0,F1,-95.37310082554018,29.746281273399017
UNDER 5000SF,878.780683922,,689,0,A1,-95.37592275254416,29.764958627623486
,6595.83760199,,690,0,A1,-95.37591026408828,29.75614089359544
UNDER 5000SF,3924.00057812,,691,0,A1,-95.37693606034762,29.75795374638512
,11291.8110063,COMMERCIAL,692,0,F1,-95.3771935,29.750677500000005
UNDER 5000SF,4778.73092151,,693,0,A1,-95.37755272991055,29.75530375262728
,42907.8401201,MULTIFAMILY,694,0,B1,-95.37736893499229,29.75486714689539
,5453.81354468,,695,0,A1,-95.34631855246981,29.760274131526327
UNDER 5000SF,4305.24311626,,696,0,X1,-95.3478345,29.764489499999993
UNDER 5000SF,1041.5197706,,698,0,A1,-95.35614167302009,29.74461900827423
UNDER 5000SF,549.580425724,COMMERCIAL,699,0,F1,-95.3563639599608,29.750878354122914
,71197.2292634,COMMERCIAL,700,0,F1,-95.35653161808284,29.76916720237772
UNDER 5000SF,3226.22325942,,702,0,A1,-95.359399,29.7451935
UNDER 5000SF,1004.95974326,COMMERCIAL,704,0,F1,-95.35968294020137,29.741864374602812
UNDER 5000SF,1616.57224433,MULTIFAMILY,705,0,B4,-95.36213987148363,29.741658159598266
UNDER 5000SF,1732.82698245,,706,0,A1,-95.36282949999999,29.740074000000003
UNDER 5000SF,980.780312283,,708,0,A1,-95.36634532448758,29.741759451348436
,31055.3415565,COMMERCIAL,710,0,C2,-95.3689915486768,29.769663244759656
UNDER 5000SF,2389.73038134,,711,0,F1,-95.36885752271137,29.745855826487325
UNDER 5000SF,1827.02166721,,712,0,A1,-95.370126,29.745950000000004
UNDER 5000SF,3198.41236609,COMMERCIAL,713,0,F1,-95.370879,29.748746499999996
UNDER 5000SF,3468.4323835,COMMERCIAL,715,0,F1,-95.374942574718,29.75004535431848
,17050.2408921,COMMERCIAL,716,0,F1,-95.37559437475619,29.750678572792324
,34866.062714,MULTIFAMILY,717,0,B1,-95.37823183247829,29.754204952173062
UNDER 5000SF,729.80517702,,718,0,A1,-95.3783105,29.757188
UNDER 5000SF,4421.43193684,,719,0,X1,-95.34739661931359,29.76212503407717
UNDER 5000SF,4419.72814598,,720,0,X1,-95.34766197392986,29.762831619565453
UNDER 5000SF,2147.85717888,COMMERCIAL,721,0,F1,-95.34844464986747,29.75782922533849
UNDER 5000SF,2799.54710496,COMMERCIAL,722,0,F1,-95.34859144618702,29.76777170649658
UNDER 5000SF,1536.68181202,COMMERCIAL,723,0,F1,-95.3500395742055,29.754504412213837
UNDER 5000SF,4107.7479195,COMMERCIAL,727,0,F1,-95.35800250000001,29.748634000000003
UNDER 5000SF,1674.22293549,,728,0,A1,-95.35796102803438,29.745282949400252
UNDER 5000SF,901.089893397,,729,0,A1,-95.3581605,29.7409645
UNDER 5000SF,811.166703526,COMMERCIAL,730,0,F1,-95.3591649453614,29.742278670935306
,11936.0736391,COMMERCIAL,731,0,F1,-95.36024228148574,29.745838773686526
UNDER 5000SF,1759.71839513,,732,0,A1,-95.3627419512003,29.740182172701033
UNDER 5000SF,2958.632958,,734,0,A1,-95.36313017055805,29.741142960988547
,5458.25097314,,737,0,A1,-95.36530924677704,29.74307040637049
UNDER 5000SF,1396.53492127,,738,0,A1,-95.36768750000002,29.770446999999997
,10308.8427042,,739,0,X3,-95.36842987462188,29.742313074862984
UNDER 5000SF,1969.28599081,,740,0,A1,-95.36946055944323,29.745162085304024
UNDER 5000SF,2818.46382432,,741,0,X1,-95.370646,29.765944500000007
,6246.82237813,COMMERCIAL,745,0,F1,-95.37239994611242,29.746311674364893
,5631.97047576,,746,0,X3,-95.37312747027407,29.765859021257196
UNDER 5000SF,1854.14096977,,748,0,A1,-95.37505900000001,29.765230000000003
,44698.9278852,MULTIFAMILY,749,0,B1,-95.37646876842354,29.75486509077373
UNDER 5000SF,2514.20386833,,750,0,A1,-95.37792616056183,29.755324399912787
,5876.30529177,COMMERCIAL,751,0,F1,-95.37793171916285,29.752963467392007
,7228.95410803,,752,0,,-95.37842822884438,29.760051501915605
UNDER 5000SF,1153.28276071,,754,0,A1,-95.3577055,29.7410975
,14006.6976616,COMMERCIAL,756,0,F1,-95.3595440167937,29.742345369266477
UNDER 5000SF,791.336143406,,758,0,A1,-95.3625495,29.739490500000002
UNDER 5000SF,907.665281239,,759,0,A1,-95.36314333892844,29.74136991047813
UNDER 5000SF,1991.79774757,,762,0,A1,-95.36752899999999,29.741907499999996
UNDER 5000SF,1144.35331948,,763,0,A1,-95.36968099999999,29.744858500000003
UNDER 5000SF,1942.99034416,,764,0,X1,-95.37000049999999,29.765416000000002
,34447.4798603,MULTIFAMILY,765,0,B1,-95.37561710139,29.756792710074617
,36816.5625464,COMMERCIAL,766,0,Z5,-95.37613856493542,29.75333123021556
UNDER 5000SF,824.099254214,,767,0,A1,-95.37830274382674,29.755913843019183
UNDER 5000SF,698.315037037,,768,0,X1,-95.34739855349913,29.763480816464234
,9839.34725963,COMMERCIAL,769,0,F1,-95.34858247797547,29.757002439931505
,5181.87089635,,771,0,X1,-95.35760400000002,29.769480000000005
UNDER 5000SF,1080.57789456,COMMERCIAL,772,0,A1,-95.35810459127724,29.745604709479306
UNDER 5000SF,3380.86793366,,776,0,B2,-95.3618670494788,29.742085917002363
UNDER 5000SF,2099.95061154,,779,0,A1,-95.36752200000001,29.741683000000002
UNDER 5000SF,1235.41518868,,780,0,A1,-95.369553,29.744995
UNDER 5000SF,1313.05181021,,783,0,X3,-95.37359349999998,29.7659745
UNDER 5000SF,2897.13244842,COMMERCIAL,784,0,F1,-95.37424132961533,29.75067598927087
UNDER 5000SF,694.84807047,,785,0,A1,-95.3757545,29.755739499999997
UNDER 5000SF,1932.62125098,,786,0,A1,-95.37573600000002,29.764554000000004
,14438.3329685,COMMERCIAL,787,0,F1,-95.37636835945128,29.751164614703857
UNDER 5000SF,335.134445458,,788,0,A1,-95.37641749999999,29.7554505
UNDER 5000SF,3036.55152861,,789,0,X1,-95.37673378317434,29.758315849922095
UNDER 5000SF,4726.39402138,,790,0,A1,-95.37756774435262,29.7565724698148
UNDER 5000SF,745.22067603,,791,0,A1,-95.3780627506775,29.75591564227642
UNDER 5000SF,1831.38775933,,792,0,A1,-95.37823500000002,29.7534975
UNDER 5000SF,4805.33766369,,793,0,X1,-95.34850960693531,29.76254501372013
,15080.2157519,COMMERCIAL,796,0,F1,-95.35761550558374,29.74740883089384
UNDER 5000SF,1141.16249212,,797,0,A1,-95.35786999999999,29.741196499999994
UNDER 5000SF,1968.04790134,COMMERCIAL,798,0,A1,-95.3609495,29.7405235
UNDER 5000SF,1630.69640302,MULTIFAMILY,801,0,B1,-95.362082,29.738964
,35212.9674215,COMMERCIAL,802,0,F1,-95.36671167336299,29.744159511151246
,7345.37728122,,805,0,A1,-95.36952350000001,29.744181500000003
,35542.4944546,,806,0,X3,-95.3716709397909,29.766547180214957
,8436.97804646,MULTIFAMILY,807,0,B1,-95.37487273086236,29.747157101698082
UNDER 5000SF,553.421874915,,808,0,A1,-95.3785217529976,29.755457419664268
UNDER 5000SF,4752.22480376,,809,0,X1,-95.34738800000002,29.7632015
UNDER 5000SF,2311.04272152,COMMERCIAL,810,0,F1,-95.34873300000001,29.757498000000002
,7149.02642054,COMMERCIAL,811,0,F1,-95.35004974917943,29.756120130956614
,46987.7202965,COMMERCIAL,812,0,F1,-95.34948956213687,29.75494479244023
UNDER 5000SF,1034.48647194,COMMERCIAL,815,0,A1,-95.35650249999999,29.743914999999998
UNDER 5000SF,1351.57399268,,817,0,A1,-95.35750700000001,29.741202
UNDER 5000SF,3745.12038561,,821,0,A1,-95.36160685217145,29.740822526928113
UNDER 5000SF,1837.27454589,,822,0,A1,-95.36188982483145,29.740582951333916
UNDER 5000SF,1594.9844795,,823,0,B2,-95.362645,29.741929499999994
,17035.0472897,COMMERCIAL,825,0,F1,-95.36579062100344,29.743849239746158
,27776.3262203,COMMERCIAL,829,0,F1,-95.37235642611458,29.74680319754308
,8925.15369969,,830,0,X1,-95.3755533994026,29.75207016421307
,5692.81282821,,831,0,X1,-95.37614667317017,29.762203593118127
,13245.6961477,COMMERCIAL,832,0,F1,-95.37740082585735,29.75738467617919
,7100.04054254,,833,0,X1,-95.3478718759261,29.76106441320136
,52742.3811391,COMMERCIAL,835,0,F1,-95.35660123140093,29.74914216430559
UNDER 5000SF,1298.19140105,,836,0,A1,-95.35758949425798,29.741250335481954
UNDER 5000SF,1401.95233455,,837,0,A1,-95.357832828277,29.741399430590434
UNDER 5000SF,1860.24924205,,841,0,A1,-95.36197150000001,29.7402595
UNDER 5000SF,1808.99858885,,842,0,A1,-95.362527,29.740456499999997
UNDER 5000SF,1367.43602496,,843,0,B2,-95.36270346036434,29.74182217479074
UNDER 5000SF,888.391114413,,844,0,A1,-95.36294684400848,29.741251920878263
UNDER 5000SF,1063.10957428,,848,0,X2,-95.36865350000001,29.766164500000002
,9805.93643642,COMMERCIAL,851,0,F1,-95.37460808881198,29.75039883160323
UNDER 5000SF,1159.24496443,,852,0,A1,-95.37602800000002,29.764967000000002
UNDER 5000SF,1417.84803033,,853,0,A1,-95.376139,29.764547499999995
UNDER 5000SF,4697.06077671,,854,0,X1,-95.3479925,29.763308000000006
UNDER 5000SF,4426.20578851,,855,0,X1,-95.3479610319155,29.762474390216347
UNDER 5000SF,4393.7654636,,856,0,X1,-95.34849008285404,29.761455137771947
,44857.9168066,COMMERCIAL,858,0,F1,-95.354715221478,29.751401530994347
UNDER 5000SF,3961.78315127,COMMERCIAL,859,0,F1,-95.35489248906399,29.752289839069576
UNDER 5000SF,1316.33160749,,860,0,A1,-95.355675820605,29.74424463223732
,7349.74191636,,862,0,A1,-95.3603845,29.7412625
UNDER 5000SF,1869.46909546,,864,0,A1,-95.3641345,29.741019000000005
UNDER 5000SF,1176.50631796,,867,0,B3,-95.3654658860983,29.739008174400738
UNDER 5000SF,4722.98489555,,868,0,X1,-95.347537,29.761673000000002
,8153.05626642,COMMERCIAL,869,0,F1,-95.34770724551001,29.768921852220352
UNDER 5000SF,2143.1147979,,870,0,A1,-95.36704950450596,29.74182037832113
,5703.52105449,,871,0,A1,-95.36676840486884,29.74296258158289
,31338.6387923,,872,0,X3,-95.36721,29.768661000000005
UNDER 5000SF,2039.92926756,,873,0,A1,-95.36777349999997,29.741831999999995
UNDER 5000SF,4019.13014163,COMMERCIAL,875,0,A1,-95.36872080299419,29.745218749973674
,9643.3219808,COMMERCIAL,876,0,F1,-95.35053819789933,29.75531306033915
UNDER 5000SF,661.892732284,,877,0,X1,-95.36968599999999,29.765808499999995
,72773.343137,COMMERCIAL,879,0,X1,-95.35439069095705,29.769711706455606
,28349.8314086,COMMERCIAL,882,0,F1,-95.35597166237561,29.74342639421753
,7696.54728905,,883,0,A1,-95.37535620225816,29.755510517288425
UNDER 5000SF,775.593897096,,884,0,A1,-95.35786695833332,29.745401677083326
UNDER 5000SF,528.818185009,COMMERCIAL,885,0,F1,-95.3757245,29.748656500000003
UNDER 5000SF,1333.7624666,,886,0,X1,-95.37655790540464,29.761727689133075
,8122.96313946,COMMERCIAL,887,0,F1,-95.37737111812747,29.74973739212594
,6368.06508076,,888,0,X3,-95.361436,29.739827
UNDER 5000SF,1920.72603766,,889,0,A1,-95.3620535,29.740478
UNDER 5000SF,1437.8683935,,891,0,A1,-95.36346316837246,29.739950502749352
UNDER 5000SF,2651.05776407,,892,0,A1,-95.364496011523,29.74034756149364
UNDER 5000SF,4077.1362037,,894,0,A1,-95.36849352685736,29.74497934631263
,8184.81288221,,897,0,X1,-95.37015857909675,29.765731940861887
UNDER 5000SF,2877.67499061,COMMERCIAL,899,0,F1,-95.37226700000001,29.749012000000008
UNDER 5000SF,2131.34295158,,900,0,A1,-95.37650946893359,29.75562525219518
,5130.61093477,,901,0,A1,-95.37678199999999,29.756226499999997
,15966.4086053,MULTIFAMILY,902,0,B1,-95.37689619536555,29.752278030263167
,5476.92829561,,903,0,A1,-95.34631537007928,29.760698866030356
,76108.8454043,COMMERCIAL,904,0,F1,-95.34877687887398,29.760060033584452
UNDER 5000SF,4847.61159525,,905,0,X1,-95.34819853821799,29.764159912558423
UNDER 5000SF,1555.44242028,COMMERCIAL,906,0,,-95.34866468099811,29.757824484846232
UNDER 5000SF,1492.31863212,COMMERCIAL,907,0,F1,-95.35011572010416,29.75380306916196
UNDER 5000SF,490.427576049,,911,0,A1,-95.35834685494628,29.739971886247744
UNDER 5000SF,1344.42031989,,912,0,A1,-95.35829050000002,29.741019500000004
UNDER 5000SF,2201.29808313,,913,0,A1,-95.36167449999999,29.741275999999992
UNDER 5000SF,1294.46597897,MULTIFAMILY,914,0,A1,-95.36205391340465,29.73921477638579
UNDER 5000SF,3464.66182807,COMMERCIAL,915,0,F1,-95.362476,29.738695500000002
UNDER 5000SF,2071.68835941,,916,0,A1,-95.36336999999999,29.7409105
UNDER 5000SF,2864.55045213,COMMERCIAL,917,0,F1,-95.36425619295699,29.743731776663036
UNDER 5000SF,3159.58871927,COMMERCIAL,918,0,F1,-95.36496539612061,29.7446041571539
UNDER 5000SF,941.265252411,,920,0,A1,-95.3671735,29.739993000000002
UNDER 5000SF,2154.4760835,,923,0,A1,-95.36980376628097,29.744921004365988
,59196.8891335,,924,0,X1,-95.37052853362646,29.76638609737985
,25112.5552253,COMMERCIAL,925,0,Z5,-95.3717140112267,29.74920248193136
,11930.4859734,COMMERCIAL,926,0,F1,-95.37556515027038,29.752681781147327
UNDER 5000SF,1498.29768382,COMMERCIAL,927,0,F1,-95.3753887666089,29.751370327684704
,7095.33745376,,928,0,X1,-95.37648172814015,29.758994106254423
UNDER 5000SF,4547.63427168,,929,0,A1,-95.37719298662657,29.756578276832503
UNDER 5000SF,2954.5215609,,930,0,A1,-95.37738554005952,29.755616205222356
,18252.6000655,,931,0,J4,-95.35086677259471,29.77093494735734
,12850.8591211,COMMERCIAL,936,0,F1,-95.35863978966158,29.743508410878196
UNDER 5000SF,1174.52426129,COMMERCIAL,937,0,A1,-95.360739,29.7407395
,12524.1310172,MULTIFAMILY,939,0,B1,-95.36802093674106,29.768794270201834
,7350.92068784,COMMERCIAL,940,0,F1,-95.36842967400935,29.74654452577921
UNDER 5000SF,340.871849804,,942,0,X1,-95.36929549999999,29.765296000000006
UNDER 5000SF,1067.25328024,,943,0,A1,-95.36962749999999,29.745040999999993
,8773.7933328,COMMERCIAL,944,0,F1,-95.36985556522711,29.745369185497484
UNDER 5000SF,598.892704942,,945,0,X1,-95.36989609762365,29.765056245985868
,8085.20233796,COMMERCIAL,946,0,F1,-95.37478730074088,29.75146923847963
UNDER 5000SF,1186.02097347,,947,0,A1,-95.37588150000002,29.764564000000007
UNDER 5000SF,3087.71065955,,948,0,X1,-95.37650317136004,29.762843506748883
UNDER 5000SF,789.064400755,,949,0,A1,-95.37838925143204,29.7571803630713
UNDER 5000SF,4450.48466935,,950,0,X1,-95.3484085,29.762752000000003
UNDER 5000SF,795.072532323,COMMERCIAL,951,0,C2,-95.35168276179765,29.77109515049706
,23184.2949583,COMMERCIAL,953,0,F1,-95.35406516355046,29.748795072450964
UNDER 5000SF,1490.19373165,COMMERCIAL,954,0,F1,-95.35686126258247,29.745184264570344
UNDER 5000SF,817.428898789,COMMERCIAL,956,0,A1,-95.35776841910811,29.74580368478644
UNDER 5000SF,2694.07459013,,958,0,A1,-95.36163581791696,29.739498978392817
UNDER 5000SF,923.132308211,,961,0,A1,-95.363014,29.741291666666665
UNDER 5000SF,1772.41209448,MULTIFAMILY,963,0,B4,-95.36371,29.740337
,7178.56553966,,964,0,A1,-95.36373769845696,29.739729211842516
UNDER 5000SF,4203.11722145,,965,0,A1,-95.36424215538715,29.740661482761464
UNDER 5000SF,2678.45367691,COMMERCIAL,969,0,F1,-95.37477717015992,29.765228662545145
UNDER 5000SF,647.589587433,,970,0,A1,-95.37503550000001,29.764931499999992
UNDER 5000SF,1289.29829735,,971,0,A1,-95.37574592242511,29.755444252774794
UNDER 5000SF,687.117194986,,972,0,A1,-95.37591549999999,29.755561
,14547.3095025,COMMERCIAL,973,0,F1,-95.37608185988982,29.75298134281487
UNDER 5000SF,827.385148027,,974,0,A1,-95.34859134012135,29.75629928695632
,7039.12317644,COMMERCIAL,975,0,F1,-95.34966942583468,29.75584766974886
UNDER 5000SF,1898.00985806,,976,0,X1,-95.353034068758,29.77040069669889
UNDER 5000SF,3065.51321204,,979,0,A1,-95.3559660687751,29.7430425125502
,27401.4307964,COMMERCIAL,980,0,F1,-95.35614349699065,29.75100998857829
UNDER 5000SF,4804.76298406,COMMERCIAL,982,0,F1,-95.3573428739481,29.747754154644376
UNDER 5000SF,1364.26828931,,983,0,A1,-95.35775083375634,29.74134893654822
UNDER 5000SF,1282.09493057,,984,0,A1,-95.35764000228065,29.740876665706402
UNDER 5000SF,3841.465905,,985,0,A1,-95.35846263093717,29.74164723664088
UNDER 5000SF,1058.42758423,MULTIFAMILY,987,0,A1,-95.36197500000002,29.7391085
UNDER 5000SF,1996.80106939,,988,0,A1,-95.36275966905588,29.739843006473983
,22245.7186299,,989,0,X3,-95.36564352846474,29.745558246580323
UNDER 5000SF,2045.23133328,,992,0,X3,-95.36808999999998,29.7421945
,23995.6804903,,993,0,X1,-95.36908389663287,29.76510562317631
UNDER 5000SF,1898.32257661,COMMERCIAL,995,0,F1,-95.3715015,29.747332500000006
UNDER 5000SF,1344.80957364,COMMERCIAL,996,0,F1,-95.3725878091315,29.746531252660493
UNDER 5000SF,3003.99691555,COMMERCIAL,997,0,F1,-95.37390310811017,29.750846843418238
UNDER 5000SF,906.999812106,COMMERCIAL,998,0,F1,-95.376234697201,29.764353246819333
,6463.22132013,,999,0,A1,-95.3767905,29.755504500000008
UNDER 5000SF,587.398095372,COMMERCIAL,1000,0,F1,-95.3771335,29.757264999999997
UNDER 5000SF,881.707115599,,1001,0,A1,-95.37814134956369,29.753440913438045
UNDER 5000SF,733.902008717,,1002,0,A1,-95.3785474497471,29.75718175524806
,6536.5831399,,1003,0,X1,-95.34731906389851,29.762377525067155
,100972.675519,COMMERCIAL,1004,0,,-95.34737317738919,29.772124634973135
UNDER 5000SF,4793.31203521,,1005,0,X1,-95.34823298943525,29.761834630550705
,9826.80708952,COMMERCIAL,1006,0,F1,-95.35031694719125,29.754196758629867
,33984.9078058,COMMERCIAL,1008,0,F1,-95.35433915940291,29.752215081901415
,15557.473036,COMMERCIAL,1009,0,F1,-95.35610985558901,29.76964215849323
UNDER 5000SF,3973.72026101,COMMERCIAL,1011,0,F1,-95.355905,29.7495145
,5138.68473398,COMMERCIAL,1012,0,C2,-95.3560206682089,29.747124132123503
UNDER 5000SF,718.807107212,,1014,0,A1,-95.357615,29.745720000000002
,25270.620219,COMMERCIAL,1015,0,X1,-95.3590128940936,29.74753050358098
UNDER 5000SF,1856.80307027,,1020,0,A1,-95.36147722848678,29.739351361824244
UNDER 5000SF,1832.29547485,,1021,0,A1,-95.36234699999999,29.741474500000002
UNDER 5000SF,2024.77281927,,1022,0,A1,-95.36445517163081,29.74075758348772
UNDER 5000SF,2206.98014,,1023,0,A1,-95.36848678767912,29.74540136523376
UNDER 5000SF,1860.16852465,COMMERCIAL,1024,0,A1,-95.370052,29.7447005
UNDER 5000SF,2355.33528589,,1025,0,X3,-95.37344945351883,29.76596224224906
,23318.6469056,MULTIFAMILY,1026,0,B1,-95.37454337681902,29.74696788212192
UNDER 5000SF,4076.75125471,MULTIFAMILY,1027,0,X2,-95.37479985030527,29.747399293699097
UNDER 5000SF,2180.95798911,MULTIFAMILY,1028,0,B1,-95.375301,29.747916500000002
UNDER 5000SF,1531.75941969,,1029,0,,-95.37671100000001,29.763389
UNDER 5000SF,739.27417779,,1030,0,A1,-95.3483515,29.756358
UNDER 5000SF,1969.71933602,COMMERCIAL,1035,0,A1,-95.36086082136475,29.74063646535408
UNDER 5000SF,3433.67526144,MULTIFAMILY,1037,0,B4,-95.3638666468565,29.740278979999328
UNDER 5000SF,2198.46888863,,1038,0,A1,-95.36496050000001,29.738654000000004
UNDER 5000SF,3032.97968463,,1040,0,B2,-95.36501732764428,29.744501636489904
,5628.25581779,,1041,0,A1,-95.3652285,29.743187499999998
,14388.6815996,COMMERCIAL,1042,0,F1,-95.36636838656766,29.746010437943678
,7744.49915526,,1043,0,A1,-95.36641966554149,29.74329436496546
UNDER 5000SF,2522.47617755,COMMERCIAL,1046,0,F1,-95.37017299999998,29.747456000000007
,7677.29545019,,1048,0,X1,-95.37736683557553,29.758309947550114
UNDER 5000SF,744.34589755,,1049,0,A1,-95.37823300000001,29.757186500000007
,5512.59380093,,1050,0,A1,-95.34608560612659,29.760562125734424
UNDER 5000SF,4317.19074011,,1051,0,X1,-95.347531,29.763020500000003
UNDER 5000SF,4490.43344141,,1052,0,X1,-95.34804549999998,29.762257999999996
UNDER 5000SF,4720.94815653,,1053,0,X1,-95.34814301305695,29.762047377959206
UNDER 5000SF,4261.4717172,,1054,0,X3,-95.35152877366154,29.757068912475965
UNDER 5000SF,4588.61804729,COMMERCIAL,1056,0,F1,-95.35503400000002,29.75237
UNDER 5000SF,768.090069215,,1058,0,A1,-95.35767517139995,29.745642023891808
UNDER 5000SF,2813.36530808,,1059,0,A1,-95.35861149999998,29.741538499999997
UNDER 5000SF,1848.77576029,,1061,0,A1,-95.3615476783726,29.73965253769315
UNDER 5000SF,1681.59565356,MULTIFAMILY,1062,0,B1,-95.36213749999999,29.739103999999998
UNDER 5000SF,2165.68076147,,1063,0,B3,-95.36203967089473,29.741754513212708
UNDER 5000SF,1896.21019631,,1064,0,A1,-95.3622764618194,29.73987417082103
UNDER 5000SF,3284.40584972,,1065,0,A1,-95.36490414478237,29.742992469857498
,5700.76283054,,1066,0,A1,-95.36638833868845,29.742750368669693
UNDER 5000SF,956.730790562,,1067,0,A1,-95.36734050000001,29.740099000000008
UNDER 5000SF,618.996273833,,1068,0,A1,-95.36758441948615,29.770442748283465
UNDER 5000SF,2083.36796939,,1069,0,A1,-95.36865972549997,29.74549435983233
UNDER 5000SF,1596.17006502,,1070,0,X3,-95.37331702323031,29.76580550639195
UNDER 5000SF,4814.92350854,COMMERCIAL,1071,0,F1,-95.3741752443651,29.76605237016844
UNDER 5000SF,4384.38500511,COMMERCIAL,1072,0,F1,-95.37553030311406,29.74876817505067
,5786.95110394,,1073,0,A1,-95.37662394267292,29.75551604829995
UNDER 5000SF,916.36436086,,1074,0,A1,-95.37682345293119,29.755948747161185
UNDER 5000SF,4825.27917989,,1075,0,A1,-95.37803785945191,29.75689780772098
UNDER 5000SF,522.262265078,,1076,0,A1,-95.37814058258756,29.75553925433654
,14975.1690792,COMMERCIAL,1077,0,F1,-95.35535599418134,29.749519626398467
UNDER 5000SF,3474.07357366,COMMERCIAL,1079,0,F1,-95.3555284616283,29.752154809672504
UNDER 5000SF,2662.69298098,,1080,0,A1,-95.35814548791694,29.74120666980935
UNDER 5000SF,3219.65154768,COMMERCIAL,1082,0,F1,-95.36166381827415,29.74313672478237
UNDER 5000SF,1888.29866389,,1083,0,A1,-95.36205667929909,29.740152032599834
UNDER 5000SF,3336.21448601,,1084,0,A1,-95.36284049999998,29.7416595
UNDER 5000SF,2345.99460815,,1085,0,A1,-95.36433029216992,29.740532614146435
UNDER 5000SF,1962.9456903,,1088,0,A1,-95.3672805,29.741757999999997
UNDER 5000SF,1883.46493868,,1089,0,A1,-95.36853671939662,29.745663818391648
UNDER 5000SF,1197.89618021,,1090,0,F1,-95.369137,29.7457415
,56594.8177143,,1091,0,X1,-95.36985357001461,29.767496396981823
,5243.22979688,,1092,0,X1,-95.3697685,29.7655225
UNDER 5000SF,1341.1334708,COMMERCIAL,1094,0,F1,-95.37011404589788,29.745221825014337
UNDER 5000SF,898.703814956,COMMERCIAL,1095,0,F1,-95.372531,29.749807499999996
,8947.02254979,COMMERCIAL,1096,0,F1,-95.37511750797182,29.749442206519355
,6414.36172623,,1097,0,X1,-95.37765743928504,29.758959280541895
UNDER 5000SF,723.006976915,,1098,0,A1,-95.37805550000002,29.755695999999997
UNDER 5000SF,740.100958111,,1099,0,A1,-95.37846874213837,29.75373776100628
UNDER 5000SF,2749.90267646,,1100,0,A1,-95.3785375,29.753736500000002
,15530.7703955,COMMERCIAL,1101,0,F1,-95.34768966889585,29.75704106216919
UNDER 5000SF,4737.89359621,,1102,0,X1,-95.34772250000002,29.7636795
,338102.254169,,1104,0,X1,-95.35230680706485,29.752112516028227
UNDER 5000SF,2080.15378971,COMMERCIAL,1105,0,C2,-95.35788600000001,29.744635500000005
UNDER 5000SF,1269.91807102,,1106,0,A1,-95.35800748473832,29.740873339241084
UNDER 5000SF,445.064801925,COMMERCIAL,1109,0,A1,-95.364556,29.740426
,7904.90009126,,1110,0,X2,-95.3650401742407,29.74518053075244
,5668.23138262,,1111,0,A1,-95.36525814475091,29.739323619319123
,7556.3446666,,1113,0,A1,-95.36726696999622,29.7436049448089
UNDER 5000SF,4258.00373313,,1114,0,A1,-95.36742350000002,29.743345000000005
UNDER 5000SF,3025.97966359,,1115,0,A1,-95.36839211714599,29.74508694733898
UNDER 5000SF,3789.35126054,COMMERCIAL,1116,0,F1,-95.36976660018274,29.74639088660626
UNDER 5000SF,1296.80102117,,1119,0,A1,-95.3757465,29.755330999999998
UNDER 5000SF,3930.08123185,,1120,0,X1,-95.37678250000002,29.758881000000002
,76675.71975410002,MULTIFAMILY,1121,0,B1,-95.34708250054557,29.760862092202395
UNDER 5000SF,1646.68773539,,1122,0,A1,-95.34820249999999,29.7565675
,6059.80996589,COMMERCIAL,1123,0,F1,-95.35004216481148,29.75771249681175
,31875.8075801,COMMERCIAL,1124,0,F1,-95.35067523911378,29.758012255768577
UNDER 5000SF,1818.74526404,,1125,0,X2,-95.35173449999998,29.7570505
UNDER 5000SF,1160.77439785,COMMERCIAL,1126,0,F1,-95.35573349999999,29.7522155
,25272.3097289,COMMERCIAL,1127,0,F1,-95.356066002791,29.750035655896152
UNDER 5000SF,1159.7808375,,1128,0,A1,-95.356036661442,29.743143715778473
UNDER 5000SF,1771.4535338,COMMERCIAL,1131,0,A1,-95.35784574406837,29.745704131413493
UNDER 5000SF,3952.23764821,,1135,0,A1,-95.36088633856082,29.740967156669196
UNDER 5000SF,1061.29565855,,1136,0,A1,-95.36089249999999,29.740796
UNDER 5000SF,2654.11065097,,1137,0,A1,-95.36116700000001,29.7405705
UNDER 5000SF,1878.48390366,,1138,0,A1,-95.36188700000001,29.740365500000006
,34686.3537908,COMMERCIAL,1143,0,F1,-95.35719300455527,29.768559755133577
UNDER 5000SF,1217.05707066,,1144,0,A1,-95.35776417519403,29.740725595112774
UNDER 5000SF,3310.19793192,,1145,0,A1,-95.3648075,29.7431145
UNDER 5000SF,4442.50002863,,1146,0,A1,-95.36517038228482,29.743333554916152
,19522.5183388,MULTIFAMILY,1149,0,F1,-95.36539387226078,29.744491553295543
UNDER 5000SF,3569.02933952,COMMERCIAL,1150,0,A1,-95.36630218207884,29.74294860467297
,18578.1662121,COMMERCIAL,1151,0,F1,-95.36628716259234,29.745193370853443
,14702.0776026,COMMERCIAL,1152,0,F1,-95.36064195271796,29.74048117127044
UNDER 5000SF,1109.72174785,,1153,0,A1,-95.36119445738208,29.74015035392723
UNDER 5000SF,986.170926405,,1154,0,A1,-95.36215200000001,29.739311
UNDER 5000SF,1717.08381898,,1155,0,A1,-95.36836224395763,29.77030289494434
UNDER 5000SF,988.761601796,,1157,0,A1,-95.3639601494387,29.73996660411681
UNDER 5000SF,1892.56406164,,1160,0,A1,-95.3671403312802,29.743554406068
,7823.02585737,COMMERCIAL,1163,0,F1,-95.3707139738375,29.74575980138386
,7517.09463177,COMMERCIAL,1164,0,A1,-95.37766301476712,29.74999813134562
UNDER 5000SF,1801.52162892,,1166,0,A1,-95.37493750000002,29.765227500000005
UNDER 5000SF,2410.18078665,,1167,0,A1,-95.37654875228814,29.764518364924708
UNDER 5000SF,3759.25453763,,1168,0,X1,-95.37647326759374,29.758232841184324
UNDER 5000SF,2994.22789832,,1169,0,F1,-95.37692967077791,29.75339602158412
UNDER 5000SF,2169.64455337,,1170,0,A1,-95.37795374773721,29.756219392134962
UNDER 5000SF,938.703129351,,1171,0,A1,-95.37824619793459,29.755063745840502
UNDER 5000SF,4837.97779652,,1172,0,X1,-95.3482165,29.762905500000006
UNDER 5000SF,4371.6015128,,1173,0,X1,-95.34834336630327,29.76163297428046
UNDER 5000SF,4377.66579255,COMMERCIAL,1175,0,F1,-95.35566832574081,29.752057213566374
UNDER 5000SF,2821.76750723,COMMERCIAL,1176,0,F1,-95.35671560249094,29.744482840112884
UNDER 5000SF,1312.33167194,,1177,0,A1,-95.35742099999999,29.7411515
UNDER 5000SF,4086.75567209,COMMERCIAL,1179,0,F1,-95.36094431921262,29.74542474687227
UNDER 5000SF,1794.78196711,,1181,0,A1,-95.36225150000001,29.741585499999996
UNDER 5000SF,1934.74833838,,1182,0,A1,-95.36220182908276,29.740551487695747
UNDER 5000SF,835.605067422,,1183,0,A1,-95.3637276645947,29.738948496304992
UNDER 5000SF,1134.42554357,,1184,0,A1,-95.3641381675739,29.739829500975052
UNDER 5000SF,2758.60596454,COMMERCIAL,1187,0,F1,-95.3703593288915,29.74554217503783
,5162.00816039,,1189,0,A1,-95.37720332389895,29.756078617192045
,5667.45272935,,1190,0,X1,-95.37761478043501,29.759630460289348
,5202.82958705,,1191,0,A1,-95.37764494102794,29.75556329456823
UNDER 5000SF,862.182441643,,1192,0,A1,-95.37791105006023,29.755925751617365
UNDER 5000SF,973.558829388,,1193,0,A1,-95.3785905,29.754703
UNDER 5000SF,808.694973407,COMMERCIAL,1194,0,Z4,-95.35460331273488,29.74834323000808
UNDER 5000SF,3871.30146154,,1195,0,A1,-95.35599065450279,29.744711980064793
UNDER 5000SF,994.397610485,,1196,0,A1,-95.3576405,29.7479295
UNDER 5000SF,1265.24474703,,1197,0,A1,-95.35784450000001,29.740774499999997
UNDER 5000SF,1736.33235994,,1198,0,A1,-95.35795736431919,29.74776014691969
UNDER 5000SF,1312.15951664,,1199,0,A1,-95.35796882398733,29.741075419184586
UNDER 5000SF,2049.09081412,,1200,0,A1,-95.35807035668957,29.745429761931582
UNDER 5000SF,1624.29693405,COMMERCIAL,1202,0,F1,-95.3592555,29.7421905
UNDER 5000SF,3857.70516767,,1204,0,A1,-95.36142050000001,29.741043500000004
UNDER 5000SF,894.234702158,,1205,0,A1,-95.36177565720124,29.739551573948578
UNDER 5000SF,1793.39790916,,1206,0,A1,-95.36229799999998,29.7415295
UNDER 5000SF,899.991137019,,1207,0,A1,-95.36326082964626,29.741221407823023
UNDER 5000SF,560.481708557,,1209,0,A1,-95.36400200000001,29.741241000000002
UNDER 5000SF,1887.68474969,,1210,0,A1,-95.36560584964381,29.739018406585338
UNDER 5000SF,2112.35670258,,1212,0,A1,-95.36764653251555,29.741758322214025
,37449.9250684,COMMERCIAL,1213,0,X1,-95.36835815425758,29.76701298372244
UNDER 5000SF,3519.70920752,,1215,0,A1,-95.3691872097304,29.744007673913636
,7895.87478475,COMMERCIAL,1217,0,F1,-95.37291974754437,29.747720396232253
UNDER 5000SF,2294.58206098,,1218,0,A1,-95.37855362639775,29.755632812821673
,29412.2721877,,1219,0,F1,-95.34771667418747,29.7590195578347
,38711.1658034,MULTIFAMILY,1220,0,X1,-95.3529324479638,29.753564085477077
,10549.2700488,COMMERCIAL,1223,0,F1,-95.35556773517908,29.74222513220532
,49308.6677438,COMMERCIAL,1227,0,F1,-95.35867562088744,29.744928413768793
UNDER 5000SF,603.586444107,COMMERCIAL,1228,0,F1,-95.35926883389108,29.742055444784402
,5190.56599428,,1229,0,A1,-95.3614302883594,29.740242884331582
UNDER 5000SF,1855.00261319,,1231,0,A1,-95.36219153862427,29.73998082908669
,5893.40195559,,1232,0,A1,-95.36341449999999,29.740655
,5887.86418177,,1234,0,A1,-95.3660578482624,29.743622080325142
UNDER 5000SF,3139.71092957,COMMERCIAL,1235,0,A1,-95.3665183656833,29.741693535888245
UNDER 5000SF,3426.75250011,,1236,0,A1,-95.3669416968227,29.74365067277422
UNDER 5000SF,1957.92349994,,1237,0,A1,-95.36740417355891,29.741832551841696
,10182.3236692,,1238,0,J5,-95.36754045470603,29.767436507062012
UNDER 5000SF,2276.53501988,,1239,0,A1,-95.367412,29.742047999999997
UNDER 5000SF,1021.32418994,,1241,0,A1,-95.3761475,29.755946999999995
,5205.77354958,,1242,0,A1,-95.37619379106768,29.756674431439055
UNDER 5000SF,1975.20234082,,1243,0,A1,-95.37640046904637,29.76452045183151
,5332.67473789,,1244,0,X1,-95.377338,29.763016000000004
UNDER 5000SF,1824.40436206,,1245,0,A1,-95.37835747309992,29.75357016994022
,5561.02148989,,1246,0,,-95.37827007320135,29.75917085091342
UNDER 5000SF,1160.57737066,COMMERCIAL,1247,0,F1,-95.34973811740333,29.754323456172628
,19740.9097539,COMMERCIAL,1249,0,F1,-95.35178315940328,29.771877219162683
UNDER 5000SF,842.113421211,,1253,0,A1,-95.3586785,29.7405345
UNDER 5000SF,558.168980043,,1254,0,X3,-95.360568,29.742033
UNDER 5000SF,2429.54884422,,1255,0,A1,-95.36273760326056,29.74098543994711
UNDER 5000SF,2030.86318787,,1257,0,A1,-95.36753766647723,29.74211551982988
UNDER 5000SF,2070.85549936,,1258,0,A1,-95.36803594706636,29.77064325718318
,7998.06031877,,1259,0,X2,-95.36867849999999,29.766332499999994
UNDER 5000SF,2394.47661901,COMMERCIAL,1261,0,F1,-95.37070434143091,29.747714644832186
,40565.8743299,,1262,0,X1,-95.37141848776854,29.7656136215388
,24616.8892622,,1264,0,X1,-95.37495749945816,29.762999656899115
UNDER 5000SF,735.586352711,,1265,0,A1,-95.37575749999999,29.755651000000004
UNDER 5000SF,573.741655506,COMMERCIAL,1266,0,F1,-95.37623669576294,29.764209371815493
UNDER 5000SF,1796.6172707,,1267,0,A1,-95.37646602261046,29.755381751455978
UNDER 5000SF,750.359764726,,1268,0,A1,-95.3782880522916,29.75542274356608
UNDER 5000SF,874.415386284,,1269,0,A1,-95.3784639536316,29.755910245083804
UNDER 5000SF,750.346738522,,1270,0,A1,-95.37862050000001,29.757198499999998
UNDER 5000SF,1483.28584784,,1271,0,A1,-95.34846584458883,29.755947471381525
,33461.0166663,COMMERCIAL,1272,0,F1,-95.34845974833837,29.768251901993914
UNDER 5000SF,4490.73740631,,1273,0,X1,-95.3488515,29.763219499999995
,5484.31984064,,1274,0,J4,-95.35101499999998,29.771342999999998
,32506.4107346,COMMERCIAL,1276,0,F1,-95.35377749999999,29.750775500000003
,82310.033436,COMMERCIAL,1279,0,X1,-95.35768610494024,29.769116246370817
UNDER 5000SF,2359.79261632,,1280,0,A1,-95.35723185228663,29.74030837156599
UNDER 5000SF,2654.58908943,COMMERCIAL,1281,0,F1,-95.35780000000001,29.744374500000003
,7837.97565193,COMMERCIAL,1282,0,F1,-95.35899168333542,29.74646745033119
UNDER 5000SF,2111.75834032,COMMERCIAL,1284,0,F1,-95.36193059216245,29.742788827708395
UNDER 5000SF,1853.6813183,,1285,0,A1,-95.36277621432129,29.739646356122876
,6306.91577016,,1286,0,A1,-95.36337007930176,29.73849472633133
UNDER 5000SF,1954.87838932,,1288,0,A1,-95.36382917163608,29.741125007773903
,19774.9888093,COMMERCIAL,1290,0,F1,-95.36458703384217,29.743913633796257
UNDER 5000SF,627.592634568,,1291,0,A1,-95.36749675283447,29.7704440861678
,38624.80192060001,,1292,0,X1,-95.3688985,29.744497500000005
,33616.1889464,COMMERCIAL,1294,0,F1,-95.37134009726385,29.748145305219623
UNDER 5000SF,4654.94041833,,1296,0,X3,-95.37282430394978,29.765864404912413
,6431.55657932,COMMERCIAL,1297,0,F1,-95.37568203442366,29.75803878178306
,97292.4826697,MULTIFAMILY,1298,0,B1,-95.37599023856076,29.754141329450793
UNDER 5000SF,765.589479812,,1299,0,A1,-95.37822499999999,29.75591349999999
,9111.77580043,,1300,0,X1,-95.34921150000001,29.770771999999997
UNDER 5000SF,753.207771189,COMMERCIAL,1305,0,F1,-95.35640900000001,29.744786000000005
UNDER 5000SF,2537.27208527,COMMERCIAL,1306,0,F1,-95.35822833137736,29.74652893349709
UNDER 5000SF,2064.85930046,,1308,0,A1,-95.3623269649711,29.741863680081984
UNDER 5000SF,1956.85847349,,1310,0,A1,-95.36396782466281,29.740186977429115
UNDER 5000SF,1295.17461497,COMMERCIAL,1313,0,F1,-95.36669746348528,29.742503180635385
UNDER 5000SF,3277.84940169,,1315,0,X3,-95.36800719367125,29.742292910661572
UNDER 5000SF,1405.95371483,MULTIFAMILY,1316,0,B1,-95.36815459477205,29.769377210103
,9356.08187707,COMMERCIAL,1320,0,X2,-95.37157883039433,29.745826920668115
UNDER 5000SF,694.502473954,,1322,0,A1,-95.3759181518777,29.75564882220006
UNDER 5000SF,3994.70265696,,1323,0,A1,-95.3774715,29.755999999999997
UNDER 5000SF,2952.61727225,,1324,0,A1,-95.37750864830956,29.755620316591745
UNDER 5000SF,866.214233649,,1325,0,A1,-95.3779495,29.756793
UNDER 5000SF,4759.34300965,,1326,0,X1,-95.34834649999999,29.763982000000002
,46052.8911624,COMMERCIAL,1327,0,F2,-95.3484042612608,29.773116722684136
UNDER 5000SF,1023.34225411,,1331,0,A1,-95.35619582879377,29.744558492434066
UNDER 5000SF,2475.65507597,,1333,0,A1,-95.36188356022035,29.741165432669742
UNDER 5000SF,3152.1772125,,1335,0,Z4,-95.36584172440286,29.74353705901163
,16008.0724363,COMMERCIAL,1337,0,F1,-95.36820205637287,29.747104563759823
UNDER 5000SF,2343.01735198,COMMERCIAL,1340,0,F1,-95.37485700000002,29.752099500000003
UNDER 5000SF,673.786823995,,1341,0,A1,-95.37592039930347,29.75573924840855
UNDER 5000SF,2475.71917264,COMMERCIAL,1342,0,F1,-95.3768220945167,29.757595748022812
,5566.96413078,COMMERCIAL,1343,0,F1,-95.37770154396476,29.7528179877654
UNDER 5000SF,1210.26873744,,1344,0,A1,-95.37793849999998,29.753544499999997
UNDER 5000SF,2354.0800759,,1345,0,A1,-95.37857107103463,29.75532249469323
UNDER 5000SF,1865.7032667,COMMERCIAL,1346,0,F1,-95.3485895,29.757646
,57846.5797171,COMMERCIAL,1347,0,F1,-95.34843742000734,29.772080717368212
,15530.4064479,COMMERCIAL,1348,0,F1,-95.35451650000002,29.7487955
UNDER 5000SF,572.720384087,,1349,0,A1,-95.35715678100229,29.740506882574234
,5064.23320445,COMMERCIAL,1350,0,F1,-95.3593585,29.7473185
UNDER 5000SF,1444.43476981,,1351,0,A1,-95.36227417084181,29.74084853230253
UNDER 5000SF,1825.97437457,,1352,0,A1,-95.362917,29.739960499999995
UNDER 5000SF,1359.79077406,,1353,0,A1,-95.363791,29.739551499999994
UNDER 5000SF,2405.51340395,,1354,0,A1,-95.36429273301023,29.7397180828815
,11000.3839165,,1355,0,A1,-95.36533705388985,29.739564742008593
,6390.2087013,COMMERCIAL,1356,0,F1,-95.368322,29.7696645
UNDER 5000SF,3464.71712532,,1357,0,A1,-95.36928717039208,29.743881346524986
,42096.3868707,COMMERCIAL,1358,0,F1,-95.36952274959039,29.747110890060952
,89766.9272378,MULTIFAMILY,1359,0,X1,-95.37468391469976,29.76241870190665
UNDER 5000SF,452.466789084,,1360,0,X1,-95.37627550000002,29.7631255
UNDER 5000SF,3006.71127686,,1361,0,X1,-95.37738975297934,29.75862353195545
UNDER 5000SF,838.14551476,,1362,0,,-95.37810391119372,29.759942753407678
UNDER 5000SF,1097.96567523,,1363,0,A1,-95.37820350000001,29.754706
UNDER 5000SF,230.736065352,,1364,0,X1,-95.34807274910395,29.76213442293907
,31741.0332825,COMMERCIAL,1365,0,F2,-95.3492692876878,29.772276699521726
UNDER 5000SF,4383.15567973,,1366,0,X1,-95.3478016402689,29.761296526858505
UNDER 5000SF,4497.95448016,,1367,0,X1,-95.3481088774923,29.763109350842985
,40819.0765524,COMMERCIAL,1368,0,F1,-95.34814756329288,29.75744304123841
,43074.5577037,COMMERCIAL,1370,0,F1,-95.35360011017765,29.749623653596434
UNDER 5000SF,2140.98400746,,1372,0,B2,-95.35566,29.744365000000002
,16711.5236738,COMMERCIAL,1373,0,F1,-95.35475607999255,29.750260601218223
UNDER 5000SF,1807.75292012,,1374,0,A1,-95.3564815,29.745634000000006
UNDER 5000SF,1978.13971307,,1375,0,A1,-95.35561051257365,29.743899888966688
UNDER 5000SF,1352.84231629,,1376,0,A1,-95.35766849999999,29.741300499999994
,5977.82129962,COMMERCIAL,1379,0,F1,-95.35941936837737,29.741834855151378
UNDER 5000SF,3299.74719884,,1380,0,A1,-95.3594965,29.745071000000003
UNDER 5000SF,1056.51938443,,1381,0,A1,-95.36003849101435,29.7394691690246
,26534.8616961,MULTIFAMILY,1383,0,B1,-95.35906726779005,29.739726571882407
UNDER 5000SF,2652.94815145,COMMERCIAL,1384,0,A1,-95.3606758433036,29.740890249220506
UNDER 5000SF,1881.32701782,,1385,0,A1,-95.36016048881868,29.73953359855619
UNDER 5000SF,1738.77101746,,1387,0,A1,-95.36114795661987,29.740084968834015
UNDER 5000SF,3516.96782711,,1389,0,A1,-95.36162445770293,29.741494963921976
UNDER 5000SF,1821.13082643,,1390,0,A1,-95.36290700000002,29.739726
UNDER 5000SF,3726.54913394,MULTIFAMILY,1391,0,B1,-95.362407,29.738920999999998
UNDER 5000SF,1352.51913949,,1392,0,A1,-95.36265450000002,29.739553499999996
UNDER 5000SF,1988.9499047,,1393,0,A1,-95.36265932996751,29.739969990250692
,5297.47254908,,1394,0,A1,-95.36351450000001,29.738622
UNDER 5000SF,1277.38034814,,1395,0,A1,-95.36387049999998,29.739460499999996
UNDER 5000SF,1559.31381981,,1398,0,A1,-95.36664649999999,29.742322
UNDER 5000SF,1167.06590128,,1399,0,A1,-95.36632451090344,29.741941330218065
UNDER 5000SF,1134.00111963,COMMERCIAL,1400,0,A1,-95.36624334639525,29.741675024257844
UNDER 5000SF,4358.90054826,,1402,0,Z4,-95.36778128053452,29.74284218379848
,8695.32213204,,1403,0,Z4,-95.36811739486573,29.742516476813076
UNDER 5000SF,1131.54745425,,1404,0,B3,-95.3680232452115,29.77045344293751
,5316.50145709,COMMERCIAL,1405,0,F1,-95.36647122887267,29.74115135440638
UNDER 5000SF,2840.30418604,COMMERCIAL,1407,0,F1,-95.36973850000001,29.748198499999997
,28983.4375517,MULTIFAMILY,1411,0,B1,-95.37575681809373,29.74763773802816
,25829.1383866,MULTIFAMILY,1412,0,B1,-95.37547701931514,29.747400035572493
UNDER 5000SF,772.867266016,,1413,0,A1,-95.3782845,29.754941999999996
UNDER 5000SF,3135.35969659,,1414,0,A1,-95.37840962387203,29.755626006974985
