BLDG_ID,SqFtCd,SqFt_est,POS_Landuse,sectorid,POS_StateClass,POS_StateClassCd,center_x,center_y
317,UNDER 5000SF,1777.219873,,1,RESIDENTIAL,A1,-95.3526,29.76921
630,UNDER 5000SF,2179.123515,,1,RESIDENTIAL,A1,-95.3526,29.76901
1132,UNDER 5000SF,2127.308579,,1,RESIDENTIAL,A1,-95.3525,29.76926
1277,UNDER 5000SF,4427.082666,,1,RESIDENTIAL,A1,-95.3545,29.76754
1328,UNDER 5000SF,1467.869286,,1,RESIDENTIAL,A1,-95.3526,29.76871
104,UNDER 5000SF,2055.730553,,0,RESIDENTIAL,A1,-95.3547,29.75101
106,UNDER 5000SF,1161.073648,,0,RESIDENTIAL,A1,-95.3582,29.7411
109,UNDER 5000SF,4141.999701,,0,RESIDENTIAL,A1,-95.3611,29.74071
110,UNDER 5000SF,1776.178483,,0,RESIDENTIAL,A1,-95.3614,29.73946
111,,5530.625253,,0,RESIDENTIAL,A1,-95.3466,29.76002
112,UNDER 5000SF,1768.930767,,0,RESIDENTIAL,A1,-95.3624,29.74142
114,,5893.511559,,0,RESIDENTIAL,A1,-95.3636,29.74076
119,UNDER 5000SF,1998.900457,,0,RESIDENTIAL,A1,-95.3672,29.74168
121,UNDER 5000SF,2020.478015,,0,RESIDENTIAL,A1,-95.3677,29.74198
128,UNDER 5000SF,2722.250647,MULTIFAMILY,0,RESIDENTIAL,A1,-95.3618,29.73901
130,UNDER 5000SF,1912.601578,,0,RESIDENTIAL,A1,-95.3642,29.7398
131,UNDER 5000SF,4870.20259,,0,RESIDENTIAL,A1,-95.3764,29.75623
133,,12847.51197,,0,RESIDENTIAL,A1,-95.3774,29.75684
134,UNDER 5000SF,3474.948317,,0,RESIDENTIAL,A1,-95.366,29.74169
137,,6635.677477,,0,RESIDENTIAL,A1,-95.3781,29.75486
138,UNDER 5000SF,809.8469026,,0,RESIDENTIAL,A1,-95.3784,29.75591
141,UNDER 5000SF,1117.977873,,0,RESIDENTIAL,A1,-95.3697,29.74512
148,UNDER 5000SF,366.3530545,,0,RESIDENTIAL,A1,-95.3779,29.75497
150,UNDER 5000SF,826.9164258,,0,RESIDENTIAL,A1,-95.3785,29.75718
151,UNDER 5000SF,3088.31498,,0,RESIDENTIAL,A1,-95.3785,29.75621
153,UNDER 5000SF,785.9807194,,0,RESIDENTIAL,A1,-95.3578,29.74548
154,UNDER 5000SF,1967.557536,,0,RESIDENTIAL,A1,-95.3578,29.74802
157,UNDER 5000SF,2250.233175,,0,RESIDENTIAL,A1,-95.3617,29.74142
158,UNDER 5000SF,1465.2797,,0,RESIDENTIAL,A1,-95.3634,29.74005
169,UNDER 5000SF,1024.561641,,0,RESIDENTIAL,A1,-95.3556,29.74381
171,UNDER 5000SF,4150.045853,,0,RESIDENTIAL,A1,-95.3562,29.74438
172,UNDER 5000SF,1255.083134,,0,RESIDENTIAL,A1,-95.3578,29.74115
174,UNDER 5000SF,1972.921333,,0,RESIDENTIAL,A1,-95.3617,29.74218
175,UNDER 5000SF,2260.277684,,0,RESIDENTIAL,A1,-95.3619,29.74129
176,UNDER 5000SF,546.7475082,,0,RESIDENTIAL,A1,-95.364,29.74108
178,UNDER 5000SF,1734.039492,,0,RESIDENTIAL,A1,-95.367,29.74345
179,UNDER 5000SF,1769.704717,,0,RESIDENTIAL,A1,-95.3673,29.74005
189,UNDER 5000SF,974.6963742,,0,RESIDENTIAL,A1,-95.3564,29.74432
191,UNDER 5000SF,2133.860319,,0,RESIDENTIAL,A1,-95.3585,29.74005
195,UNDER 5000SF,1014.495987,COMMERCIAL,0,RESIDENTIAL,A1,-95.361,29.74044
196,UNDER 5000SF,1874.973808,,0,RESIDENTIAL,A1,-95.363,29.73981
198,UNDER 5000SF,1209.482039,,0,RESIDENTIAL,A1,-95.3664,29.74199
200,UNDER 5000SF,2231.178335,,0,RESIDENTIAL,A1,-95.3672,29.7419
203,UNDER 5000SF,857.5403151,,0,RESIDENTIAL,A1,-95.3696,29.74525
204,UNDER 5000SF,3016.714103,,0,RESIDENTIAL,A1,-95.37,29.74618
205,UNDER 5000SF,2820.55439,,0,RESIDENTIAL,A1,-95.37,29.74453
215,UNDER 5000SF,4732.810382,,0,RESIDENTIAL,A1,-95.3772,29.75632
216,UNDER 5000SF,869.2141231,,0,RESIDENTIAL,A1,-95.3779,29.75686
217,UNDER 5000SF,3437.629844,,0,RESIDENTIAL,A1,-95.378,29.75656
225,UNDER 5000SF,968.3799749,,0,RESIDENTIAL,A1,-95.3576,29.74099
229,UNDER 5000SF,1795.262515,,0,RESIDENTIAL,A1,-95.3618,29.74051
232,UNDER 5000SF,958.1783578,,0,RESIDENTIAL,A1,-95.3674,29.77039
240,,5479.600115,,0,RESIDENTIAL,A1,-95.3776,29.75606
242,UNDER 5000SF,3258.380592,,0,RESIDENTIAL,A1,-95.346,29.76106
247,UNDER 5000SF,2008.849475,,0,RESIDENTIAL,A1,-95.3562,29.7464
249,UNDER 5000SF,1249.949576,,0,RESIDENTIAL,A1,-95.3577,29.74093
256,UNDER 5000SF,1750.016393,,0,RESIDENTIAL,A1,-95.3624,29.74057
259,UNDER 5000SF,934.2123219,,0,RESIDENTIAL,A1,-95.3631,29.74133
260,UNDER 5000SF,935.8391808,,0,RESIDENTIAL,A1,-95.3635,29.74013
261,UNDER 5000SF,1428.462911,,0,RESIDENTIAL,A1,-95.3635,29.73985
265,UNDER 5000SF,1221.029183,,0,RESIDENTIAL,A1,-95.3677,29.77056
266,UNDER 5000SF,2081.181851,,0,RESIDENTIAL,A1,-95.3689,29.74516
270,,7918.81985,,0,RESIDENTIAL,A1,-95.3765,29.75695
272,UNDER 5000SF,1656.610587,,0,RESIDENTIAL,A1,-95.3481,29.75668
273,UNDER 5000SF,1086.120638,,0,RESIDENTIAL,A1,-95.3485,29.75621
278,UNDER 5000SF,3108.445408,,0,RESIDENTIAL,A1,-95.3621,29.73936
279,UNDER 5000SF,3657.383493,,0,RESIDENTIAL,A1,-95.3619,29.73968
282,UNDER 5000SF,991.3428438,,0,RESIDENTIAL,A1,-95.3626,29.74159
285,UNDER 5000SF,3303.729222,,0,RESIDENTIAL,A1,-95.3648,29.74328
286,UNDER 5000SF,2059.191665,,0,RESIDENTIAL,A1,-95.3669,29.74246
287,UNDER 5000SF,855.2465878,,0,RESIDENTIAL,A1,-95.3673,29.77111
289,UNDER 5000SF,1916.64035,,0,RESIDENTIAL,A1,-95.3676,29.77065
300,UNDER 5000SF,1599.907034,,0,RESIDENTIAL,A1,-95.378,29.75559
301,,5431.591758,,0,RESIDENTIAL,A1,-95.3465,29.76042
311,UNDER 5000SF,3248.277051,,0,RESIDENTIAL,A1,-95.3612,29.74126
319,UNDER 5000SF,1174.395657,,0,RESIDENTIAL,A1,-95.3662,29.74189
328,UNDER 5000SF,678.5858909,,0,RESIDENTIAL,A1,-95.3577,29.74556
329,UNDER 5000SF,1334.436343,,0,RESIDENTIAL,A1,-95.3579,29.74103
330,UNDER 5000SF,2847.647726,,0,RESIDENTIAL,A1,-95.358,29.74144
332,UNDER 5000SF,1522.851362,COMMERCIAL,0,RESIDENTIAL,A1,-95.3728,29.76491
336,UNDER 5000SF,290.2862693,,0,RESIDENTIAL,A1,-95.3642,29.73989
339,UNDER 5000SF,3217.00479,,0,RESIDENTIAL,A1,-95.365,29.74289
341,UNDER 5000SF,755.742931,,0,RESIDENTIAL,A1,-95.3581,29.74533
343,,6533.097502,,0,RESIDENTIAL,A1,-95.3662,29.74377
344,UNDER 5000SF,2105.604273,,0,RESIDENTIAL,A1,-95.3661,29.74178
345,,5863.108318,,0,RESIDENTIAL,A1,-95.3782,29.75367
348,UNDER 5000SF,1034.789111,,0,RESIDENTIAL,A1,-95.3671,29.77104
349,UNDER 5000SF,3220.167019,,0,RESIDENTIAL,A1,-95.3672,29.74326
351,UNDER 5000SF,2081.418278,,0,RESIDENTIAL,A1,-95.3619,29.73921
352,UNDER 5000SF,1910.464573,,0,RESIDENTIAL,A1,-95.3625,29.73989
353,UNDER 5000SF,3092.316803,,0,RESIDENTIAL,A1,-95.3661,29.74216
355,UNDER 5000SF,4251.325526,,0,RESIDENTIAL,A1,-95.3673,29.74157
357,,5037.343001,,0,RESIDENTIAL,A1,-95.3768,29.75667
359,UNDER 5000SF,757.0978317,,0,RESIDENTIAL,A1,-95.378,29.75719
367,UNDER 5000SF,866.4456159,,0,RESIDENTIAL,A1,-95.3779,29.75673
368,UNDER 5000SF,776.9471025,,0,RESIDENTIAL,A1,-95.3781,29.75719
369,UNDER 5000SF,744.3551085,,0,RESIDENTIAL,A1,-95.3781,29.75592
379,UNDER 5000SF,726.9452278,,0,RESIDENTIAL,A1,-95.358,29.74553
380,UNDER 5000SF,928.0958534,,0,RESIDENTIAL,A1,-95.3579,29.74124
385,UNDER 5000SF,4268.380143,,0,RESIDENTIAL,A1,-95.3628,29.74085
386,UNDER 5000SF,1709.450982,,0,RESIDENTIAL,A1,-95.3636,29.74026
387,UNDER 5000SF,1597.834754,,0,RESIDENTIAL,A1,-95.3557,29.74419
397,UNDER 5000SF,1947.158565,,0,RESIDENTIAL,A1,-95.3623,29.74042
398,UNDER 5000SF,1986.183864,,0,RESIDENTIAL,A1,-95.3626,29.73976
399,,9078.220024,,0,RESIDENTIAL,A1,-95.3632,29.74062
409,UNDER 5000SF,939.7169498,,0,RESIDENTIAL,A1,-95.3676,29.77032
410,UNDER 5000SF,2930.937804,COMMERCIAL,0,RESIDENTIAL,A1,-95.3679,29.74094
413,UNDER 5000SF,2812.292337,,0,RESIDENTIAL,A1,-95.3759,29.75538
414,UNDER 5000SF,1613.556939,,0,RESIDENTIAL,A1,-95.3763,29.76452
415,UNDER 5000SF,4679.078909,,0,RESIDENTIAL,A1,-95.3772,29.75531
416,UNDER 5000SF,980.5828441,,0,RESIDENTIAL,A1,-95.378,29.75634
422,UNDER 5000SF,3257.682591,,0,RESIDENTIAL,A1,-95.3754,29.76486
423,UNDER 5000SF,2200.458129,,0,RESIDENTIAL,A1,-95.376,29.76423
424,,5075.043917,,0,RESIDENTIAL,A1,-95.3762,29.75623
425,,5086.620053,,0,RESIDENTIAL,A1,-95.3764,29.75667
427,UNDER 5000SF,1573.429935,,0,RESIDENTIAL,A1,-95.3779,29.75506
428,UNDER 5000SF,926.2861104,,0,RESIDENTIAL,A1,-95.3781,29.75628
435,UNDER 5000SF,688.4645833,COMMERCIAL,0,RESIDENTIAL,A1,-95.3566,29.74398
437,UNDER 5000SF,1520.567568,,0,RESIDENTIAL,A1,-95.3578,29.74776
438,UNDER 5000SF,984.8763357,,0,RESIDENTIAL,A1,-95.3578,29.7479
443,UNDER 5000SF,2613.762958,,0,RESIDENTIAL,A1,-95.364,29.73862
444,UNDER 5000SF,2187.04378,,0,RESIDENTIAL,A1,-95.3648,29.73857
445,UNDER 5000SF,4715.981767,,0,RESIDENTIAL,A1,-95.365,29.73961
447,UNDER 5000SF,4389.229837,,0,RESIDENTIAL,A1,-95.3651,29.74344
453,UNDER 5000SF,1316.269691,,0,RESIDENTIAL,A1,-95.3768,29.75803
454,,7988.4568,,0,RESIDENTIAL,A1,-95.3771,29.75558
455,UNDER 5000SF,842.9758209,,0,RESIDENTIAL,A1,-95.3782,29.75494
456,UNDER 5000SF,808.6868261,,0,RESIDENTIAL,A1,-95.3782,29.75667
457,UNDER 5000SF,1105.928638,,0,RESIDENTIAL,A1,-95.3783,29.75471
462,UNDER 5000SF,1136.894977,,0,RESIDENTIAL,A1,-95.3581,29.74092
463,UNDER 5000SF,1281.630125,,0,RESIDENTIAL,A1,-95.358,29.74113
464,UNDER 5000SF,2937.247969,,0,RESIDENTIAL,A1,-95.3587,29.74025
465,UNDER 5000SF,3316.462663,,0,RESIDENTIAL,A1,-95.3588,29.74034
471,UNDER 5000SF,1934.755904,,0,RESIDENTIAL,A1,-95.3674,29.74015
472,UNDER 5000SF,2883.785225,COMMERCIAL,0,RESIDENTIAL,A1,-95.3678,29.74105
475,UNDER 5000SF,4850.122443,,0,RESIDENTIAL,A1,-95.3766,29.75623
476,UNDER 5000SF,4636.333209,,0,RESIDENTIAL,A1,-95.3776,29.75632
477,UNDER 5000SF,744.5298829,,0,RESIDENTIAL,A1,-95.3781,29.75569
480,UNDER 5000SF,1321.887104,,0,RESIDENTIAL,A1,-95.3483,29.75645
483,UNDER 5000SF,1065.989234,,0,RESIDENTIAL,A1,-95.356,29.74451
484,UNDER 5000SF,827.9910538,COMMERCIAL,0,RESIDENTIAL,A1,-95.3579,29.7456
492,UNDER 5000SF,701.8312386,,0,RESIDENTIAL,A1,-95.3758,29.75556
494,UNDER 5000SF,2280.156497,,0,RESIDENTIAL,A1,-95.3783,29.75563
503,UNDER 5000SF,1940.100932,,0,RESIDENTIAL,A1,-95.3615,29.74132
505,,9059.932767,,0,RESIDENTIAL,A1,-95.363,29.74054
507,UNDER 5000SF,3054.764167,,0,RESIDENTIAL,A1,-95.365,29.74355
510,UNDER 5000SF,3570.649786,COMMERCIAL,0,RESIDENTIAL,A1,-95.3676,29.74116
514,UNDER 5000SF,2767.573002,,0,RESIDENTIAL,A1,-95.3698,29.74472
516,UNDER 5000SF,1698.924724,,0,RESIDENTIAL,A1,-95.3708,29.74512
523,UNDER 5000SF,725.3134508,,0,RESIDENTIAL,A1,-95.378,29.75592
524,UNDER 5000SF,1075.231017,,0,RESIDENTIAL,A1,-95.3785,29.75469
534,UNDER 5000SF,3650.471801,,0,RESIDENTIAL,A1,-95.3615,29.74092
535,UNDER 5000SF,1796.414179,,0,RESIDENTIAL,A1,-95.362,29.74066
536,UNDER 5000SF,3006.462163,,0,RESIDENTIAL,A1,-95.3627,29.74157
539,UNDER 5000SF,2669.514982,,0,RESIDENTIAL,A1,-95.3638,29.73853
540,UNDER 5000SF,3806.208564,,0,RESIDENTIAL,A1,-95.364,29.73845
548,UNDER 5000SF,1411.0137,,0,RESIDENTIAL,A1,-95.358,29.74134
553,,7596.747785,,0,RESIDENTIAL,A1,-95.3765,29.75595
556,UNDER 5000SF,1903.541466,,0,RESIDENTIAL,A1,-95.3624,29.73977
558,UNDER 5000SF,1750.347544,,0,RESIDENTIAL,A1,-95.3626,29.74145
572,UNDER 5000SF,1012.543569,,0,RESIDENTIAL,A1,-95.3768,29.75695
573,UNDER 5000SF,3456.170681,,0,RESIDENTIAL,A1,-95.3771,29.756
574,UNDER 5000SF,1577.343959,,0,RESIDENTIAL,A1,-95.3779,29.75569
586,UNDER 5000SF,1134.778065,MULTIFAMILY,0,RESIDENTIAL,A1,-95.3622,29.73927
588,UNDER 5000SF,2041.298003,,0,RESIDENTIAL,A1,-95.3684,29.74554
589,UNDER 5000SF,1823.117404,,0,RESIDENTIAL,A1,-95.3699,29.74484
594,UNDER 5000SF,977.6919041,,0,RESIDENTIAL,A1,-95.3762,29.75695
595,UNDER 5000SF,749.0773738,,0,RESIDENTIAL,A1,-95.3782,29.75719
599,UNDER 5000SF,1293.462625,,0,RESIDENTIAL,A1,-95.3578,29.74098
606,UNDER 5000SF,1988.538746,,0,RESIDENTIAL,A1,-95.3622,29.74034
614,UNDER 5000SF,932.3466241,,0,RESIDENTIAL,A1,-95.3671,29.74341
620,UNDER 5000SF,1194.381808,COMMERCIAL,0,RESIDENTIAL,A1,-95.3753,29.76501
621,UNDER 5000SF,3562.075284,,0,RESIDENTIAL,A1,-95.3756,29.75538
622,,5098.218096,,0,RESIDENTIAL,A1,-95.3766,29.75667
623,UNDER 5000SF,951.9547782,,0,RESIDENTIAL,A1,-95.3779,29.7572
624,UNDER 5000SF,2557.009125,,0,RESIDENTIAL,A1,-95.378,29.75341
625,UNDER 5000SF,1083.405038,,0,RESIDENTIAL,A1,-95.3783,29.75655
627,UNDER 5000SF,2190.422333,,0,RESIDENTIAL,A1,-95.3786,29.75598
629,UNDER 5000SF,1687.193862,,0,RESIDENTIAL,A1,-95.3487,29.75659
631,UNDER 5000SF,1249.140164,,0,RESIDENTIAL,A1,-95.3576,29.74105
632,UNDER 5000SF,1172.676552,,0,RESIDENTIAL,A1,-95.3579,29.74082
633,UNDER 5000SF,2167.391431,,0,RESIDENTIAL,A1,-95.3582,29.74545
635,UNDER 5000SF,1048.816864,,0,RESIDENTIAL,A1,-95.3608,29.7421
636,UNDER 5000SF,2348.311687,,0,RESIDENTIAL,A1,-95.3613,29.74016
637,UNDER 5000SF,3298.597767,,0,RESIDENTIAL,A1,-95.3624,29.74134
638,UNDER 5000SF,3552.210973,,0,RESIDENTIAL,A1,-95.3625,29.74201
639,UNDER 5000SF,1921.895542,,0,RESIDENTIAL,A1,-95.3624,29.73966
642,,14067.70218,,0,RESIDENTIAL,A1,-95.3653,29.73853
643,UNDER 5000SF,2285.65479,,0,RESIDENTIAL,A1,-95.3673,29.74198
644,,11739.94768,,0,RESIDENTIAL,A1,-95.3676,29.74363
646,UNDER 5000SF,1123.87547,,0,RESIDENTIAL,A1,-95.3677,29.77034
648,UNDER 5000SF,1949.782174,,0,RESIDENTIAL,A1,-95.3699,29.74508
651,UNDER 5000SF,409.6863439,,0,RESIDENTIAL,A1,-95.3783,29.75529
659,UNDER 5000SF,1059.971191,,0,RESIDENTIAL,A1,-95.3701,29.74609
670,UNDER 5000SF,506.2869364,,0,RESIDENTIAL,A1,-95.3619,29.74223
671,UNDER 5000SF,1804.262428,,0,RESIDENTIAL,A1,-95.3623,29.74068
673,UNDER 5000SF,1779.106398,,0,RESIDENTIAL,A1,-95.3626,29.74035
680,,5083.738838,,0,RESIDENTIAL,A1,-95.3669,29.74266
689,UNDER 5000SF,878.7806839,,0,RESIDENTIAL,A1,-95.3759,29.76496
690,,6595.837602,,0,RESIDENTIAL,A1,-95.3759,29.75614
691,UNDER 5000SF,3924.000578,,0,RESIDENTIAL,A1,-95.3769,29.75795
693,UNDER 5000SF,4778.730922,,0,RESIDENTIAL,A1,-95.3776,29.7553
695,,5453.813545,,0,RESIDENTIAL,A1,-95.3463,29.76027
698,UNDER 5000SF,1041.519771,,0,RESIDENTIAL,A1,-95.3561,29.74462
702,UNDER 5000SF,3226.223259,,0,RESIDENTIAL,A1,-95.3594,29.74519
706,UNDER 5000SF,1732.826982,,0,RESIDENTIAL,A1,-95.3628,29.74007
708,UNDER 5000SF,980.7803123,,0,RESIDENTIAL,A1,-95.3663,29.74176
712,UNDER 5000SF,1827.021667,,0,RESIDENTIAL,A1,-95.3701,29.74595
718,UNDER 5000SF,729.805177,,0,RESIDENTIAL,A1,-95.3783,29.75719
728,UNDER 5000SF,1674.222935,,0,RESIDENTIAL,A1,-95.358,29.74528
729,UNDER 5000SF,901.0898934,,0,RESIDENTIAL,A1,-95.3582,29.74096
732,UNDER 5000SF,1759.718395,,0,RESIDENTIAL,A1,-95.3627,29.74018
734,UNDER 5000SF,2958.632958,,0,RESIDENTIAL,A1,-95.3631,29.74114
737,,5458.250973,,0,RESIDENTIAL,A1,-95.3653,29.74307
738,UNDER 5000SF,1396.534921,,0,RESIDENTIAL,A1,-95.3677,29.77045
740,UNDER 5000SF,1969.285991,,0,RESIDENTIAL,A1,-95.3695,29.74516
748,UNDER 5000SF,1854.14097,,0,RESIDENTIAL,A1,-95.3751,29.76523
750,UNDER 5000SF,2514.203868,,0,RESIDENTIAL,A1,-95.3779,29.75532
754,UNDER 5000SF,1153.282761,,0,RESIDENTIAL,A1,-95.3577,29.7411
758,UNDER 5000SF,791.3361434,,0,RESIDENTIAL,A1,-95.3625,29.73949
759,UNDER 5000SF,907.6652812,,0,RESIDENTIAL,A1,-95.3631,29.74137
762,UNDER 5000SF,1991.797748,,0,RESIDENTIAL,A1,-95.3675,29.74191
763,UNDER 5000SF,1144.353319,,0,RESIDENTIAL,A1,-95.3697,29.74486
767,UNDER 5000SF,824.0992542,,0,RESIDENTIAL,A1,-95.3783,29.75591
772,UNDER 5000SF,1080.577895,COMMERCIAL,0,RESIDENTIAL,A1,-95.3581,29.7456
779,UNDER 5000SF,2099.950612,,0,RESIDENTIAL,A1,-95.3675,29.74168
780,UNDER 5000SF,1235.415189,,0,RESIDENTIAL,A1,-95.3696,29.745
785,UNDER 5000SF,694.8480705,,0,RESIDENTIAL,A1,-95.3758,29.75574
786,UNDER 5000SF,1932.621251,,0,RESIDENTIAL,A1,-95.3757,29.76455
788,UNDER 5000SF,335.1344455,,0,RESIDENTIAL,A1,-95.3764,29.75545
790,UNDER 5000SF,4726.394021,,0,RESIDENTIAL,A1,-95.3776,29.75657
791,UNDER 5000SF,745.220676,,0,RESIDENTIAL,A1,-95.3781,29.75592
792,UNDER 5000SF,1831.387759,,0,RESIDENTIAL,A1,-95.3782,29.7535
797,UNDER 5000SF,1141.162492,,0,RESIDENTIAL,A1,-95.3579,29.7412
798,UNDER 5000SF,1968.047901,COMMERCIAL,0,RESIDENTIAL,A1,-95.3609,29.74052
805,,7345.377281,,0,RESIDENTIAL,A1,-95.3695,29.74418
808,UNDER 5000SF,553.4218749,,0,RESIDENTIAL,A1,-95.3785,29.75546
815,UNDER 5000SF,1034.486472,COMMERCIAL,0,RESIDENTIAL,A1,-95.3565,29.74391
817,UNDER 5000SF,1351.573993,,0,RESIDENTIAL,A1,-95.3575,29.7412
821,UNDER 5000SF,3745.120386,,0,RESIDENTIAL,A1,-95.3616,29.74082
822,UNDER 5000SF,1837.274546,,0,RESIDENTIAL,A1,-95.3619,29.74058
836,UNDER 5000SF,1298.191401,,0,RESIDENTIAL,A1,-95.3576,29.74125
837,UNDER 5000SF,1401.952335,,0,RESIDENTIAL,A1,-95.3578,29.7414
841,UNDER 5000SF,1860.249242,,0,RESIDENTIAL,A1,-95.362,29.74026
842,UNDER 5000SF,1808.998589,,0,RESIDENTIAL,A1,-95.3625,29.74046
844,UNDER 5000SF,888.3911144,,0,RESIDENTIAL,A1,-95.3629,29.74125
852,UNDER 5000SF,1159.244964,,0,RESIDENTIAL,A1,-95.376,29.76497
853,UNDER 5000SF,1417.84803,,0,RESIDENTIAL,A1,-95.3761,29.76455
860,UNDER 5000SF,1316.331607,,0,RESIDENTIAL,A1,-95.3557,29.74424
862,,7349.741916,,0,RESIDENTIAL,A1,-95.3604,29.74126
864,UNDER 5000SF,1869.469095,,0,RESIDENTIAL,A1,-95.3641,29.74102
870,UNDER 5000SF,2143.114798,,0,RESIDENTIAL,A1,-95.367,29.74182
871,,5703.521054,,0,RESIDENTIAL,A1,-95.3668,29.74296
873,UNDER 5000SF,2039.929268,,0,RESIDENTIAL,A1,-95.3678,29.74183
875,UNDER 5000SF,4019.130142,COMMERCIAL,0,RESIDENTIAL,A1,-95.3687,29.74522
883,,7696.547289,,0,RESIDENTIAL,A1,-95.3754,29.75551
884,UNDER 5000SF,775.5938971,,0,RESIDENTIAL,A1,-95.3579,29.7454
889,UNDER 5000SF,1920.726038,,0,RESIDENTIAL,A1,-95.3621,29.74048
891,UNDER 5000SF,1437.868394,,0,RESIDENTIAL,A1,-95.3635,29.73995
892,UNDER 5000SF,2651.057764,,0,RESIDENTIAL,A1,-95.3645,29.74035
894,UNDER 5000SF,4077.136204,,0,RESIDENTIAL,A1,-95.3685,29.74498
900,UNDER 5000SF,2131.342952,,0,RESIDENTIAL,A1,-95.3765,29.75563
901,,5130.610935,,0,RESIDENTIAL,A1,-95.3768,29.75623
903,,5476.928296,,0,RESIDENTIAL,A1,-95.3463,29.7607
911,UNDER 5000SF,490.427576,,0,RESIDENTIAL,A1,-95.3583,29.73997
912,UNDER 5000SF,1344.42032,,0,RESIDENTIAL,A1,-95.3583,29.74102
913,UNDER 5000SF,2201.298083,,0,RESIDENTIAL,A1,-95.3617,29.74128
914,UNDER 5000SF,1294.465979,MULTIFAMILY,0,RESIDENTIAL,A1,-95.3621,29.73921
916,UNDER 5000SF,2071.688359,,0,RESIDENTIAL,A1,-95.3634,29.74091
920,UNDER 5000SF,941.2652524,,0,RESIDENTIAL,A1,-95.3672,29.73999
923,UNDER 5000SF,2154.476084,,0,RESIDENTIAL,A1,-95.3698,29.74492
929,UNDER 5000SF,4547.634272,,0,RESIDENTIAL,A1,-95.3772,29.75658
930,UNDER 5000SF,2954.521561,,0,RESIDENTIAL,A1,-95.3774,29.75562
937,UNDER 5000SF,1174.524261,COMMERCIAL,0,RESIDENTIAL,A1,-95.3607,29.74074
943,UNDER 5000SF,1067.25328,,0,RESIDENTIAL,A1,-95.3696,29.74504
947,UNDER 5000SF,1186.020973,,0,RESIDENTIAL,A1,-95.3759,29.76456
949,UNDER 5000SF,789.0644008,,0,RESIDENTIAL,A1,-95.3784,29.75718
956,UNDER 5000SF,817.4288988,COMMERCIAL,0,RESIDENTIAL,A1,-95.3578,29.7458
958,UNDER 5000SF,2694.07459,,0,RESIDENTIAL,A1,-95.3616,29.7395
961,UNDER 5000SF,923.1323082,,0,RESIDENTIAL,A1,-95.363,29.74129
964,,7178.56554,,0,RESIDENTIAL,A1,-95.3637,29.73973
965,UNDER 5000SF,4203.117221,,0,RESIDENTIAL,A1,-95.3642,29.74066
970,UNDER 5000SF,647.5895874,,0,RESIDENTIAL,A1,-95.375,29.76493
971,UNDER 5000SF,1289.298297,,0,RESIDENTIAL,A1,-95.3757,29.75544
972,UNDER 5000SF,687.117195,,0,RESIDENTIAL,A1,-95.3759,29.75556
974,UNDER 5000SF,827.385148,,0,RESIDENTIAL,A1,-95.3486,29.7563
979,UNDER 5000SF,3065.513212,,0,RESIDENTIAL,A1,-95.356,29.74304
983,UNDER 5000SF,1364.268289,,0,RESIDENTIAL,A1,-95.3578,29.74135
984,UNDER 5000SF,1282.094931,,0,RESIDENTIAL,A1,-95.3576,29.74088
985,UNDER 5000SF,3841.465905,,0,RESIDENTIAL,A1,-95.3585,29.74165
987,UNDER 5000SF,1058.427584,MULTIFAMILY,0,RESIDENTIAL,A1,-95.362,29.73911
988,UNDER 5000SF,1996.801069,,0,RESIDENTIAL,A1,-95.3628,29.73984
999,,6463.22132,,0,RESIDENTIAL,A1,-95.3768,29.7555
1001,UNDER 5000SF,881.7071156,,0,RESIDENTIAL,A1,-95.3781,29.75344
1002,UNDER 5000SF,733.9020087,,0,RESIDENTIAL,A1,-95.3785,29.75718
1014,UNDER 5000SF,718.8071072,,0,RESIDENTIAL,A1,-95.3576,29.74572
1020,UNDER 5000SF,1856.80307,,0,RESIDENTIAL,A1,-95.3615,29.73935
1021,UNDER 5000SF,1832.295475,,0,RESIDENTIAL,A1,-95.3623,29.74147
1022,UNDER 5000SF,2024.772819,,0,RESIDENTIAL,A1,-95.3645,29.74076
1023,UNDER 5000SF,2206.98014,,0,RESIDENTIAL,A1,-95.3685,29.7454
1024,UNDER 5000SF,1860.168525,COMMERCIAL,0,RESIDENTIAL,A1,-95.3701,29.7447
1030,UNDER 5000SF,739.2741778,,0,RESIDENTIAL,A1,-95.3484,29.75636
1035,UNDER 5000SF,1969.719336,COMMERCIAL,0,RESIDENTIAL,A1,-95.3609,29.74064
1038,UNDER 5000SF,2198.468889,,0,RESIDENTIAL,A1,-95.365,29.73865
1041,,5628.255818,,0,RESIDENTIAL,A1,-95.3652,29.74319
1043,,7744.499155,,0,RESIDENTIAL,A1,-95.3664,29.74329
1049,UNDER 5000SF,744.3458976,,0,RESIDENTIAL,A1,-95.3782,29.75719
1050,,5512.593801,,0,RESIDENTIAL,A1,-95.3461,29.76056
1058,UNDER 5000SF,768.0900692,,0,RESIDENTIAL,A1,-95.3577,29.74564
1059,UNDER 5000SF,2813.365308,,0,RESIDENTIAL,A1,-95.3586,29.74154
1061,UNDER 5000SF,1848.77576,,0,RESIDENTIAL,A1,-95.3615,29.73965
1064,UNDER 5000SF,1896.210196,,0,RESIDENTIAL,A1,-95.3623,29.73987
1065,UNDER 5000SF,3284.40585,,0,RESIDENTIAL,A1,-95.3649,29.74299
1066,,5700.762831,,0,RESIDENTIAL,A1,-95.3664,29.74275
1067,UNDER 5000SF,956.7307906,,0,RESIDENTIAL,A1,-95.3673,29.7401
1068,UNDER 5000SF,618.9962738,,0,RESIDENTIAL,A1,-95.3676,29.77044
1069,UNDER 5000SF,2083.367969,,0,RESIDENTIAL,A1,-95.3687,29.74549
1073,,5786.951104,,0,RESIDENTIAL,A1,-95.3766,29.75552
1074,UNDER 5000SF,916.3643609,,0,RESIDENTIAL,A1,-95.3768,29.75595
1075,UNDER 5000SF,4825.27918,,0,RESIDENTIAL,A1,-95.378,29.7569
1076,UNDER 5000SF,522.2622651,,0,RESIDENTIAL,A1,-95.3781,29.75554
1080,UNDER 5000SF,2662.692981,,0,RESIDENTIAL,A1,-95.3581,29.74121
1083,UNDER 5000SF,1888.298664,,0,RESIDENTIAL,A1,-95.3621,29.74015
1084,UNDER 5000SF,3336.214486,,0,RESIDENTIAL,A1,-95.3628,29.74166
1085,UNDER 5000SF,2345.994608,,0,RESIDENTIAL,A1,-95.3643,29.74053
1088,UNDER 5000SF,1962.94569,,0,RESIDENTIAL,A1,-95.3673,29.74176
1089,UNDER 5000SF,1883.464939,,0,RESIDENTIAL,A1,-95.3685,29.74566
1098,UNDER 5000SF,723.0069769,,0,RESIDENTIAL,A1,-95.3781,29.7557
1099,UNDER 5000SF,740.1009581,,0,RESIDENTIAL,A1,-95.3785,29.75374
1100,UNDER 5000SF,2749.902676,,0,RESIDENTIAL,A1,-95.3785,29.75374
1106,UNDER 5000SF,1269.918071,,0,RESIDENTIAL,A1,-95.358,29.74087
1109,UNDER 5000SF,445.0648019,COMMERCIAL,0,RESIDENTIAL,A1,-95.3646,29.74043
1111,,5668.231383,,0,RESIDENTIAL,A1,-95.3653,29.73932
1113,,7556.344667,,0,RESIDENTIAL,A1,-95.3673,29.7436
1114,UNDER 5000SF,4258.003733,,0,RESIDENTIAL,A1,-95.3674,29.74335
1115,UNDER 5000SF,3025.979664,,0,RESIDENTIAL,A1,-95.3684,29.74509
1119,UNDER 5000SF,1296.801021,,0,RESIDENTIAL,A1,-95.3757,29.75533
1122,UNDER 5000SF,1646.687735,,0,RESIDENTIAL,A1,-95.3482,29.75657
1128,UNDER 5000SF,1159.780838,,0,RESIDENTIAL,A1,-95.356,29.74314
1131,UNDER 5000SF,1771.453534,COMMERCIAL,0,RESIDENTIAL,A1,-95.3578,29.7457
1135,UNDER 5000SF,3952.237648,,0,RESIDENTIAL,A1,-95.3609,29.74097
1136,UNDER 5000SF,1061.295659,,0,RESIDENTIAL,A1,-95.3609,29.7408
1137,UNDER 5000SF,2654.110651,,0,RESIDENTIAL,A1,-95.3612,29.74057
1138,UNDER 5000SF,1878.483904,,0,RESIDENTIAL,A1,-95.3619,29.74037
1144,UNDER 5000SF,1217.057071,,0,RESIDENTIAL,A1,-95.3578,29.74073
1145,UNDER 5000SF,3310.197932,,0,RESIDENTIAL,A1,-95.3648,29.74311
1146,UNDER 5000SF,4442.500029,,0,RESIDENTIAL,A1,-95.3652,29.74333
1150,UNDER 5000SF,3569.02934,COMMERCIAL,0,RESIDENTIAL,A1,-95.3663,29.74295
1153,UNDER 5000SF,1109.721748,,0,RESIDENTIAL,A1,-95.3612,29.74015
1154,UNDER 5000SF,986.1709264,,0,RESIDENTIAL,A1,-95.3622,29.73931
1155,UNDER 5000SF,1717.083819,,0,RESIDENTIAL,A1,-95.3684,29.7703
1157,UNDER 5000SF,988.7616018,,0,RESIDENTIAL,A1,-95.364,29.73997
1160,UNDER 5000SF,1892.564062,,0,RESIDENTIAL,A1,-95.3671,29.74355
1164,,7517.094632,COMMERCIAL,0,RESIDENTIAL,A1,-95.3777,29.75
1166,UNDER 5000SF,1801.521629,,0,RESIDENTIAL,A1,-95.3749,29.76523
1167,UNDER 5000SF,2410.180787,,0,RESIDENTIAL,A1,-95.3765,29.76452
1170,UNDER 5000SF,2169.644553,,0,RESIDENTIAL,A1,-95.378,29.75622
1171,UNDER 5000SF,938.7031294,,0,RESIDENTIAL,A1,-95.3782,29.75506
1177,UNDER 5000SF,1312.331672,,0,RESIDENTIAL,A1,-95.3574,29.74115
1181,UNDER 5000SF,1794.781967,,0,RESIDENTIAL,A1,-95.3623,29.74159
1182,UNDER 5000SF,1934.748338,,0,RESIDENTIAL,A1,-95.3622,29.74055
1183,UNDER 5000SF,835.6050674,,0,RESIDENTIAL,A1,-95.3637,29.73895
1184,UNDER 5000SF,1134.425544,,0,RESIDENTIAL,A1,-95.3641,29.73983
1189,,5162.00816,,0,RESIDENTIAL,A1,-95.3772,29.75608
1191,,5202.829587,,0,RESIDENTIAL,A1,-95.3776,29.75556
1192,UNDER 5000SF,862.1824416,,0,RESIDENTIAL,A1,-95.3779,29.75593
1193,UNDER 5000SF,973.5588294,,0,RESIDENTIAL,A1,-95.3786,29.7547
1195,UNDER 5000SF,3871.301462,,0,RESIDENTIAL,A1,-95.356,29.74471
1196,UNDER 5000SF,994.3976105,,0,RESIDENTIAL,A1,-95.3576,29.74793
1197,UNDER 5000SF,1265.244747,,0,RESIDENTIAL,A1,-95.3578,29.74077
1198,UNDER 5000SF,1736.33236,,0,RESIDENTIAL,A1,-95.358,29.74776
1199,UNDER 5000SF,1312.159517,,0,RESIDENTIAL,A1,-95.358,29.74108
1200,UNDER 5000SF,2049.090814,,0,RESIDENTIAL,A1,-95.3581,29.74543
1204,UNDER 5000SF,3857.705168,,0,RESIDENTIAL,A1,-95.3614,29.74104
1205,UNDER 5000SF,894.2347022,,0,RESIDENTIAL,A1,-95.3618,29.73955
1206,UNDER 5000SF,1793.397909,,0,RESIDENTIAL,A1,-95.3623,29.74153
1207,UNDER 5000SF,899.991137,,0,RESIDENTIAL,A1,-95.3633,29.74122
1209,UNDER 5000SF,560.4817086,,0,RESIDENTIAL,A1,-95.364,29.74124
1210,UNDER 5000SF,1887.68475,,0,RESIDENTIAL,A1,-95.3656,29.73902
1212,UNDER 5000SF,2112.356703,,0,RESIDENTIAL,A1,-95.3676,29.74176
1215,UNDER 5000SF,3519.709208,,0,RESIDENTIAL,A1,-95.3692,29.74401
1218,UNDER 5000SF,2294.582061,,0,RESIDENTIAL,A1,-95.3786,29.75563
1229,,5190.565994,,0,RESIDENTIAL,A1,-95.3614,29.74024
1231,UNDER 5000SF,1855.002613,,0,RESIDENTIAL,A1,-95.3622,29.73998
1232,,5893.401956,,0,RESIDENTIAL,A1,-95.3634,29.74066
1234,,5887.864182,,0,RESIDENTIAL,A1,-95.3661,29.74362
1235,UNDER 5000SF,3139.71093,COMMERCIAL,0,RESIDENTIAL,A1,-95.3665,29.74169
1236,UNDER 5000SF,3426.7525,,0,RESIDENTIAL,A1,-95.3669,29.74365
1237,UNDER 5000SF,1957.9235,,0,RESIDENTIAL,A1,-95.3674,29.74183
1239,UNDER 5000SF,2276.53502,,0,RESIDENTIAL,A1,-95.3674,29.74205
1241,UNDER 5000SF,1021.32419,,0,RESIDENTIAL,A1,-95.3761,29.75595
1242,,5205.77355,,0,RESIDENTIAL,A1,-95.3762,29.75667
1243,UNDER 5000SF,1975.202341,,0,RESIDENTIAL,A1,-95.3764,29.76452
1245,UNDER 5000SF,1824.404362,,0,RESIDENTIAL,A1,-95.3784,29.75357
1253,UNDER 5000SF,842.1134212,,0,RESIDENTIAL,A1,-95.3587,29.74053
1255,UNDER 5000SF,2429.548844,,0,RESIDENTIAL,A1,-95.3627,29.74099
1257,UNDER 5000SF,2030.863188,,0,RESIDENTIAL,A1,-95.3675,29.74212
1258,UNDER 5000SF,2070.855499,,0,RESIDENTIAL,A1,-95.368,29.77064
1265,UNDER 5000SF,735.5863527,,0,RESIDENTIAL,A1,-95.3758,29.75565
1267,UNDER 5000SF,1796.617271,,0,RESIDENTIAL,A1,-95.3765,29.75538
1268,UNDER 5000SF,750.3597647,,0,RESIDENTIAL,A1,-95.3783,29.75542
1269,UNDER 5000SF,874.4153863,,0,RESIDENTIAL,A1,-95.3785,29.75591
1270,UNDER 5000SF,750.3467385,,0,RESIDENTIAL,A1,-95.3786,29.7572
1271,UNDER 5000SF,1483.285848,,0,RESIDENTIAL,A1,-95.3485,29.75595
1280,UNDER 5000SF,2359.792616,,0,RESIDENTIAL,A1,-95.3572,29.74031
1285,UNDER 5000SF,1853.681318,,0,RESIDENTIAL,A1,-95.3628,29.73965
1286,,6306.91577,,0,RESIDENTIAL,A1,-95.3634,29.73849
1288,UNDER 5000SF,1954.878389,,0,RESIDENTIAL,A1,-95.3638,29.74113
1291,UNDER 5000SF,627.5926346,,0,RESIDENTIAL,A1,-95.3675,29.77044
1299,UNDER 5000SF,765.5894798,,0,RESIDENTIAL,A1,-95.3782,29.75591
1308,UNDER 5000SF,2064.8593,,0,RESIDENTIAL,A1,-95.3623,29.74186
1310,UNDER 5000SF,1956.858473,,0,RESIDENTIAL,A1,-95.364,29.74019
1322,UNDER 5000SF,694.502474,,0,RESIDENTIAL,A1,-95.3759,29.75565
1323,UNDER 5000SF,3994.702657,,0,RESIDENTIAL,A1,-95.3775,29.756
1324,UNDER 5000SF,2952.617272,,0,RESIDENTIAL,A1,-95.3775,29.75562
1325,UNDER 5000SF,866.2142336,,0,RESIDENTIAL,A1,-95.3779,29.75679
1331,UNDER 5000SF,1023.342254,,0,RESIDENTIAL,A1,-95.3562,29.74456
1333,UNDER 5000SF,2475.655076,,0,RESIDENTIAL,A1,-95.3619,29.74117
1341,UNDER 5000SF,673.786824,,0,RESIDENTIAL,A1,-95.3759,29.75574
1344,UNDER 5000SF,1210.268737,,0,RESIDENTIAL,A1,-95.3779,29.75354
1345,UNDER 5000SF,2354.080076,,0,RESIDENTIAL,A1,-95.3786,29.75532
1349,UNDER 5000SF,572.7203841,,0,RESIDENTIAL,A1,-95.3572,29.74051
1351,UNDER 5000SF,1444.43477,,0,RESIDENTIAL,A1,-95.3623,29.74085
1352,UNDER 5000SF,1825.974375,,0,RESIDENTIAL,A1,-95.3629,29.73996
1353,UNDER 5000SF,1359.790774,,0,RESIDENTIAL,A1,-95.3638,29.73955
1354,UNDER 5000SF,2405.513404,,0,RESIDENTIAL,A1,-95.3643,29.73972
1355,,11000.38392,,0,RESIDENTIAL,A1,-95.3653,29.73956
1357,UNDER 5000SF,3464.717125,,0,RESIDENTIAL,A1,-95.3693,29.74388
1363,UNDER 5000SF,1097.965675,,0,RESIDENTIAL,A1,-95.3782,29.75471
1374,UNDER 5000SF,1807.75292,,0,RESIDENTIAL,A1,-95.3565,29.74563
1375,UNDER 5000SF,1978.139713,,0,RESIDENTIAL,A1,-95.3556,29.7439
1376,UNDER 5000SF,1352.842316,,0,RESIDENTIAL,A1,-95.3577,29.7413
1380,UNDER 5000SF,3299.747199,,0,RESIDENTIAL,A1,-95.3595,29.74507
1381,UNDER 5000SF,1056.519384,,0,RESIDENTIAL,A1,-95.36,29.73947
1384,UNDER 5000SF,2652.948151,COMMERCIAL,0,RESIDENTIAL,A1,-95.3607,29.74089
1385,UNDER 5000SF,1881.327018,,0,RESIDENTIAL,A1,-95.3602,29.73953
1387,UNDER 5000SF,1738.771017,,0,RESIDENTIAL,A1,-95.3611,29.74008
1389,UNDER 5000SF,3516.967827,,0,RESIDENTIAL,A1,-95.3616,29.74149
1390,UNDER 5000SF,1821.130826,,0,RESIDENTIAL,A1,-95.3629,29.73973
1392,UNDER 5000SF,1352.519139,,0,RESIDENTIAL,A1,-95.3627,29.73955
1393,UNDER 5000SF,1988.949905,,0,RESIDENTIAL,A1,-95.3627,29.73997
1394,,5297.472549,,0,RESIDENTIAL,A1,-95.3635,29.73862
1395,UNDER 5000SF,1277.380348,,0,RESIDENTIAL,A1,-95.3639,29.73946
1398,UNDER 5000SF,1559.31382,,0,RESIDENTIAL,A1,-95.3666,29.74232
1399,UNDER 5000SF,1167.065901,,0,RESIDENTIAL,A1,-95.3663,29.74194
1400,UNDER 5000SF,1134.00112,COMMERCIAL,0,RESIDENTIAL,A1,-95.3662,29.74168
1413,UNDER 5000SF,772.867266,,0,RESIDENTIAL,A1,-95.3783,29.75494
1414,UNDER 5000SF,3135.359697,,0,RESIDENTIAL,A1,-95.3784,29.75563
609,UNDER 5000SF,423.4255059,,0,RESIDENTIAL,A3,-95.364,29.73989
123,UNDER 5000SF,1571.235171,MULTIFAMILY,1,RESIDENTIAL,B1,-95.3572,29.76646
188,,36231.89574,MULTIFAMILY,1,RESIDENTIAL,B1,-95.3539,29.76787
814,,20690.04521,MULTIFAMILY,1,RESIDENTIAL,B1,-95.3539,29.76717
816,UNDER 5000SF,1707.565865,MULTIFAMILY,1,RESIDENTIAL,B1,-95.3573,29.76676
952,UNDER 5000SF,4864.99196,MULTIFAMILY,1,RESIDENTIAL,B1,-95.3537,29.76751
431,,30034.16253,MULTIFAMILY,2,RESIDENTIAL,B1,-95.3529,29.7604
578,,13261.47593,MULTIFAMILY,2,RESIDENTIAL,B1,-95.3525,29.76029
933,UNDER 5000SF,2553.613932,MULTIFAMILY,2,RESIDENTIAL,B1,-95.3546,29.75997
1283,,59400.15393,MULTIFAMILY,2,RESIDENTIAL,B1,-95.3583,29.75804
1304,,36359.09788,MULTIFAMILY,2,RESIDENTIAL,B1,-95.3542,29.76013
1329,,43553.2184,MULTIFAMILY,2,RESIDENTIAL,B1,-95.3538,29.76075
1378,,114074.3405,MULTIFAMILY,2,RESIDENTIAL,B1,-95.3572,29.75787
757,,61766.83509,MULTIFAMILY,3,RESIDENTIAL,B1,-95.359,29.75723
640,,47635.37017,MULTIFAMILY,4,RESIDENTIAL,B1,-95.3632,29.74553
1208,,57201.64065,MULTIFAMILY,4,RESIDENTIAL,B1,-95.3643,29.7505
565,,59235.39868,MULTIFAMILY,5,RESIDENTIAL,B1,-95.3678,29.7493
1312,,58536.1593,MULTIFAMILY,5,RESIDENTIAL,B1,-95.3664,29.74954
513,,32968.12168,MULTIFAMILY,6,RESIDENTIAL,B1,-95.3676,29.75145
803,,60984.98586,MULTIFAMILY,6,RESIDENTIAL,B1,-95.3678,29.75258
1045,,14850.73618,MULTIFAMILY,6,RESIDENTIAL,B1,-95.3685,29.75204
1086,,5373.09482,MULTIFAMILY,6,RESIDENTIAL,B1,-95.3645,29.75143
1141,,5442.620497,MULTIFAMILY,6,RESIDENTIAL,B1,-95.3644,29.75159
1240,,29645.69763,MULTIFAMILY,6,RESIDENTIAL,B1,-95.3682,29.75175
441,,65464.45985,MULTIFAMILY,9,RESIDENTIAL,B1,-95.3621,29.75802
258,,55966.96569,MULTIFAMILY,10,RESIDENTIAL,B1,-95.3621,29.7614
280,,71566.05733,MULTIFAMILY,10,RESIDENTIAL,B1,-95.3627,29.76061
388,,50215.39796,MULTIFAMILY,10,RESIDENTIAL,B1,-95.3639,29.7624
674,,62872.77071,MULTIFAMILY,11,RESIDENTIAL,B1,-95.3632,29.76318
102,,149533.57,MULTIFAMILY,0,RESIDENTIAL,B1,-95.3524,29.77299
115,,9955.135553,MULTIFAMILY,0,RESIDENTIAL,B1,-95.3504,29.7566
136,UNDER 5000SF,1653.207717,MULTIFAMILY,0,RESIDENTIAL,B1,-95.3661,29.7423
144,,29235.5758,MULTIFAMILY,0,RESIDENTIAL,B1,-95.3743,29.74757
145,UNDER 5000SF,2185.470879,MULTIFAMILY,0,RESIDENTIAL,B1,-95.3744,29.74736
146,,29809.44902,MULTIFAMILY,0,RESIDENTIAL,B1,-95.3755,29.75616
183,,30509.16744,MULTIFAMILY,0,RESIDENTIAL,B1,-95.3757,29.75491
218,,68779.9399,MULTIFAMILY,0,RESIDENTIAL,B1,-95.3782,29.75228
262,UNDER 5000SF,2215.198122,MULTIFAMILY,0,RESIDENTIAL,B1,-95.365,29.74432
318,UNDER 5000SF,3387.306137,MULTIFAMILY,0,RESIDENTIAL,B1,-95.3656,29.74285
356,,58730.61602,MULTIFAMILY,0,RESIDENTIAL,B1,-95.3762,29.74996
363,,8149.766649,MULTIFAMILY,0,RESIDENTIAL,B1,-95.374,29.74793
364,,8070.552502,MULTIFAMILY,0,RESIDENTIAL,B1,-95.3749,29.74845
378,,81620.59865,MULTIFAMILY,0,RESIDENTIAL,B1,-95.3486,29.75854
411,,30641.96182,MULTIFAMILY,0,RESIDENTIAL,B1,-95.3752,29.7481
426,,62848.75275,MULTIFAMILY,0,RESIDENTIAL,B1,-95.3779,29.751
555,UNDER 5000SF,1582.33074,MULTIFAMILY,0,RESIDENTIAL,B1,-95.3623,29.73919
557,,61377.76037,MULTIFAMILY,0,RESIDENTIAL,B1,-95.3773,29.75174
560,,36266.73446,MULTIFAMILY,0,RESIDENTIAL,B1,-95.3774,29.75423
581,UNDER 5000SF,1242.21058,MULTIFAMILY,0,RESIDENTIAL,B1,-95.359,29.74141
628,,20356.99025,MULTIFAMILY,0,RESIDENTIAL,B1,-95.3464,29.76127
654,UNDER 5000SF,3465.663026,MULTIFAMILY,0,RESIDENTIAL,B1,-95.3591,29.74151
656,UNDER 5000SF,302.1776776,MULTIFAMILY,0,RESIDENTIAL,B1,-95.3622,29.73889
657,,62610.99074,MULTIFAMILY,0,RESIDENTIAL,B1,-95.3679,29.74603
662,,52692.99997,MULTIFAMILY,0,RESIDENTIAL,B1,-95.3734,29.76435
694,,42907.84012,MULTIFAMILY,0,RESIDENTIAL,B1,-95.3774,29.75487
717,,34866.06271,MULTIFAMILY,0,RESIDENTIAL,B1,-95.3782,29.7542
749,,44698.92789,MULTIFAMILY,0,RESIDENTIAL,B1,-95.3765,29.75487
765,,34447.47986,MULTIFAMILY,0,RESIDENTIAL,B1,-95.3756,29.75679
801,UNDER 5000SF,1630.696403,MULTIFAMILY,0,RESIDENTIAL,B1,-95.3621,29.73896
807,,8436.978046,MULTIFAMILY,0,RESIDENTIAL,B1,-95.3749,29.74716
902,,15966.40861,MULTIFAMILY,0,RESIDENTIAL,B1,-95.3769,29.75228
939,,12524.13102,MULTIFAMILY,0,RESIDENTIAL,B1,-95.368,29.76879
1026,,23318.64691,MULTIFAMILY,0,RESIDENTIAL,B1,-95.3745,29.74697
1028,UNDER 5000SF,2180.957989,MULTIFAMILY,0,RESIDENTIAL,B1,-95.3753,29.74792
1062,UNDER 5000SF,1681.595654,MULTIFAMILY,0,RESIDENTIAL,B1,-95.3621,29.7391
1121,,76675.71975,MULTIFAMILY,0,RESIDENTIAL,B1,-95.3471,29.76086
1298,,97292.48267,MULTIFAMILY,0,RESIDENTIAL,B1,-95.376,29.75414
1316,UNDER 5000SF,1405.953715,MULTIFAMILY,0,RESIDENTIAL,B1,-95.3682,29.76938
1383,,26534.8617,MULTIFAMILY,0,RESIDENTIAL,B1,-95.3591,29.73973
1391,UNDER 5000SF,3726.549134,MULTIFAMILY,0,RESIDENTIAL,B1,-95.3624,29.73892
1411,,28983.43755,MULTIFAMILY,0,RESIDENTIAL,B1,-95.3758,29.74764
1412,,25829.13839,MULTIFAMILY,0,RESIDENTIAL,B1,-95.3755,29.7474
149,UNDER 5000SF,1383.24606,,0,RESIDENTIAL,B2,-95.3779,29.75481
281,UNDER 5000SF,1619.627745,,0,RESIDENTIAL,B2,-95.3625,29.74186
342,UNDER 5000SF,2209.169788,,0,RESIDENTIAL,B2,-95.3582,29.7402
376,UNDER 5000SF,1856.316503,,0,RESIDENTIAL,B2,-95.3567,29.74072
776,UNDER 5000SF,3380.867934,,0,RESIDENTIAL,B2,-95.3619,29.74209
823,UNDER 5000SF,1594.98448,,0,RESIDENTIAL,B2,-95.3626,29.74193
843,UNDER 5000SF,1367.436025,,0,RESIDENTIAL,B2,-95.3627,29.74182
1040,UNDER 5000SF,3032.979685,,0,RESIDENTIAL,B2,-95.365,29.7445
1372,UNDER 5000SF,2140.984007,,0,RESIDENTIAL,B2,-95.3557,29.74437
405,UNDER 5000SF,1237.682452,,0,RESIDENTIAL,B3,-95.3656,29.73885
448,UNDER 5000SF,1441.460923,,0,RESIDENTIAL,B3,-95.3655,29.73892
512,UNDER 5000SF,1687.371612,,0,RESIDENTIAL,B3,-95.368,29.7703
607,UNDER 5000SF,1190.959053,,0,RESIDENTIAL,B3,-95.3622,29.74183
867,UNDER 5000SF,1176.506318,,0,RESIDENTIAL,B3,-95.3655,29.73901
1063,UNDER 5000SF,2165.680761,,0,RESIDENTIAL,B3,-95.362,29.74175
1404,UNDER 5000SF,1131.547454,,0,RESIDENTIAL,B3,-95.368,29.77045
705,UNDER 5000SF,1616.572244,MULTIFAMILY,0,RESIDENTIAL,B4,-95.3621,29.74166
963,UNDER 5000SF,1772.412094,MULTIFAMILY,0,RESIDENTIAL,B4,-95.3637,29.74034
1037,UNDER 5000SF,3433.675261,MULTIFAMILY,0,RESIDENTIAL,B4,-95.3639,29.74028
246,UNDER 5000SF,2162.464526,COMMERCIAL,1,VACANT,C2,-95.3541,29.76832
910,,35752.68444,COMMERCIAL,1,VACANT,C2,-95.3568,29.76736
978,UNDER 5000SF,2052.811299,,3,VACANT,C2,-95.3561,29.75558
1017,,47074.87919,COMMERCIAL,3,VACANT,C2,-95.3596,29.75651
257,UNDER 5000SF,1475.699163,COMMERCIAL,4,VACANT,C2,-95.3626,29.74587
554,UNDER 5000SF,3015.230875,COMMERCIAL,4,VACANT,C2,-95.3618,29.74756
938,,47793.70712,COMMERCIAL,6,VACANT,C2,-95.3663,29.75273
1161,,16276.83519,COMMERCIAL,6,VACANT,C2,-95.3739,29.75604
1162,,25485.67763,COMMERCIAL,6,VACANT,C2,-95.3694,29.75223
1140,,62874.82442,COMMERCIAL,10,VACANT,C2,-95.3633,29.75984
373,UNDER 5000SF,795.8219125,COMMERCIAL,0,VACANT,C2,-95.3516,29.77118
412,,5911.717277,COMMERCIAL,0,VACANT,C2,-95.3755,29.74928
542,,7933.871606,COMMERCIAL,0,VACANT,C2,-95.3663,29.74143
580,UNDER 5000SF,2129.790901,COMMERCIAL,0,VACANT,C2,-95.358,29.74703
593,UNDER 5000SF,2484.422394,COMMERCIAL,0,VACANT,C2,-95.3758,29.74849
710,,31055.34156,COMMERCIAL,0,VACANT,C2,-95.369,29.76966
951,UNDER 5000SF,795.0725323,COMMERCIAL,0,VACANT,C2,-95.3517,29.7711
1012,,5138.684734,COMMERCIAL,0,VACANT,C2,-95.356,29.74712
1105,UNDER 5000SF,2080.15379,COMMERCIAL,0,VACANT,C2,-95.3579,29.74464
120,,5670.390975,COMMERCIAL,1,COMMERCIAL,F1,-95.3548,29.76803
305,UNDER 5000SF,681.0865774,COMMERCIAL,1,COMMERCIAL,F1,-95.3537,29.76867
308,UNDER 5000SF,640.6527876,COMMERCIAL,1,COMMERCIAL,F1,-95.3565,29.76703
323,UNDER 5000SF,4612.387553,COMMERCIAL,1,COMMERCIAL,F1,-95.3552,29.76782
374,,10565.49905,COMMERCIAL,1,COMMERCIAL,F1,-95.3531,29.76836
482,,21554.28044,COMMERCIAL,1,COMMERCIAL,F1,-95.3517,29.76903
499,,14022.73876,COMMERCIAL,1,COMMERCIAL,F1,-95.353,29.76888
724,UNDER 5000SF,1648.806206,COMMERCIAL,1,COMMERCIAL,F1,-95.3508,29.76833
725,UNDER 5000SF,4428.347818,COMMERCIAL,1,COMMERCIAL,F1,-95.3523,29.76897
753,UNDER 5000SF,2578.645693,COMMERCIAL,1,COMMERCIAL,F1,-95.3575,29.76723
880,,18309.5836,COMMERCIAL,1,COMMERCIAL,F1,-95.3546,29.76717
1007,UNDER 5000SF,233.6639547,COMMERCIAL,1,COMMERCIAL,F1,-95.3537,29.76858
1057,UNDER 5000SF,337.6350317,COMMERCIAL,1,COMMERCIAL,F1,-95.3566,29.76705
1248,UNDER 5000SF,2966.472687,COMMERCIAL,1,COMMERCIAL,F1,-95.3507,29.76931
1301,,150751.6286,COMMERCIAL,1,COMMERCIAL,F1,-95.3507,29.76795
1330,,48127.20929,COMMERCIAL,1,COMMERCIAL,F1,-95.3557,29.767
306,UNDER 5000SF,2134.410164,COMMERCIAL,2,COMMERCIAL,F1,-95.3559,29.76072
326,UNDER 5000SF,3627.835514,COMMERCIAL,2,COMMERCIAL,F1,-95.3571,29.75921
528,UNDER 5000SF,2317.5609,COMMERCIAL,2,COMMERCIAL,F1,-95.3519,29.76013
598,UNDER 5000SF,2183.352779,COMMERCIAL,2,COMMERCIAL,F1,-95.352,29.76008
878,,16053.90784,COMMERCIAL,2,COMMERCIAL,F1,-95.3529,29.76134
977,UNDER 5000SF,3555.691977,COMMERCIAL,2,COMMERCIAL,F1,-95.3533,29.7614
1078,UNDER 5000SF,2593.906224,COMMERCIAL,2,COMMERCIAL,F1,-95.3553,29.75926
1133,,8629.595466,COMMERCIAL,2,COMMERCIAL,F1,-95.3528,29.7582
1250,UNDER 5000SF,973.1620318,COMMERCIAL,2,COMMERCIAL,F1,-95.3519,29.76002
1369,,27280.02941,COMMERCIAL,2,COMMERCIAL,F1,-95.3518,29.75963
173,,62017.97956,COMMERCIAL,3,COMMERCIAL,F1,-95.3608,29.75499
226,,10854.77817,COMMERCIAL,3,COMMERCIAL,F1,-95.3583,29.75698
485,,49957.35077,COMMERCIAL,3,COMMERCIAL,F1,-95.3599,29.75453
550,,44250.80341,COMMERCIAL,3,COMMERCIAL,F1,-95.3594,29.75528
840,,14040.78681,COMMERCIAL,3,COMMERCIAL,F1,-95.3614,29.75298
881,,14232.20413,COMMERCIAL,3,COMMERCIAL,F1,-95.3554,29.75537
955,,20280.17032,COMMERCIAL,3,COMMERCIAL,F1,-95.3579,29.75673
1147,,6643.598211,COMMERCIAL,3,COMMERCIAL,F1,-95.3589,29.75462
264,,19103.53048,COMMERCIAL,4,COMMERCIAL,F1,-95.3667,29.74772
316,,15023.75277,COMMERCIAL,4,COMMERCIAL,F1,-95.3643,29.74916
509,,31991.50935,COMMERCIAL,4,COMMERCIAL,F1,-95.3656,29.74912
608,UNDER 5000SF,1556.830173,COMMERCIAL,4,COMMERCIAL,F1,-95.3623,29.74626
612,,60655.10535,COMMERCIAL,4,COMMERCIAL,F1,-95.3661,29.74828
641,UNDER 5000SF,3677.519348,COMMERCIAL,4,COMMERCIAL,F1,-95.3647,29.74947
707,UNDER 5000SF,4948.907364,COMMERCIAL,4,COMMERCIAL,F1,-95.3632,29.74908
736,,134589.8394,COMMERCIAL,4,COMMERCIAL,F1,-95.3655,29.74737
865,,12492.67272,COMMERCIAL,4,COMMERCIAL,F1,-95.365,29.74671
866,,18071.90554,COMMERCIAL,4,COMMERCIAL,F1,-95.3647,29.74643
960,,7500.354338,COMMERCIAL,4,COMMERCIAL,F1,-95.3626,29.74614
1039,UNDER 5000SF,820.3684632,COMMERCIAL,4,COMMERCIAL,F1,-95.3652,29.74624
1139,,6938.532842,COMMERCIAL,4,COMMERCIAL,F1,-95.3626,29.74757
1185,,23620.52621,COMMERCIAL,4,COMMERCIAL,F1,-95.3645,29.74716
1186,UNDER 5000SF,1281.777647,COMMERCIAL,4,COMMERCIAL,F1,-95.3659,29.74778
1307,,19849.82299,COMMERCIAL,4,COMMERCIAL,F1,-95.3609,29.74845
295,,61506.71987,COMMERCIAL,5,COMMERCIAL,F1,-95.373,29.75243
361,,18532.12462,COMMERCIAL,5,COMMERCIAL,F1,-95.3695,29.75056
420,,26369.84218,COMMERCIAL,5,COMMERCIAL,F1,-95.3723,29.75325
569,,30655.38419,COMMERCIAL,5,COMMERCIAL,F1,-95.3714,29.75125
649,UNDER 5000SF,2340.68524,COMMERCIAL,5,COMMERCIAL,F1,-95.3723,29.75062
743,UNDER 5000SF,3312.151658,COMMERCIAL,5,COMMERCIAL,F1,-95.372,29.75051
744,UNDER 5000SF,3725.617648,COMMERCIAL,5,COMMERCIAL,F1,-95.3722,29.75182
782,UNDER 5000SF,1394.209632,COMMERCIAL,5,COMMERCIAL,F1,-95.3718,29.75057
849,UNDER 5000SF,4264.299974,COMMERCIAL,5,COMMERCIAL,F1,-95.371,29.75151
850,,58575.67532,COMMERCIAL,5,COMMERCIAL,F1,-95.3715,29.75269
896,,31204.86479,COMMERCIAL,5,COMMERCIAL,F1,-95.37,29.74949
921,,57704.54521,COMMERCIAL,5,COMMERCIAL,F1,-95.3675,29.74804
922,,14074.81996,COMMERCIAL,5,COMMERCIAL,F1,-95.3699,29.75139
1118,,42079.81962,COMMERCIAL,5,COMMERCIAL,F1,-95.3732,29.75372
1211,,30623.10363,COMMERCIAL,5,COMMERCIAL,F1,-95.3671,29.74863
1295,UNDER 5000SF,572.1376784,COMMERCIAL,5,COMMERCIAL,F1,-95.3726,29.75183
1338,,26953.5778,COMMERCIAL,5,COMMERCIAL,F1,-95.3684,29.74841
1339,UNDER 5000SF,4773.863466,COMMERCIAL,5,COMMERCIAL,F1,-95.3723,29.75203
1408,,12197.2905,COMMERCIAL,5,COMMERCIAL,F1,-95.372,29.75089
1410,,54308.7444,COMMERCIAL,5,COMMERCIAL,F1,-95.3738,29.75295
116,UNDER 5000SF,4908.634389,COMMERCIAL,6,COMMERCIAL,F1,-95.3656,29.75017
263,UNDER 5000SF,2349.449356,COMMERCIAL,6,COMMERCIAL,F1,-95.3652,29.75093
267,UNDER 5000SF,1089.895377,COMMERCIAL,6,COMMERCIAL,F1,-95.3706,29.75395
293,,33278.41264,COMMERCIAL,6,COMMERCIAL,F1,-95.3712,29.7546
354,UNDER 5000SF,1885.559991,COMMERCIAL,6,COMMERCIAL,F1,-95.3673,29.75097
404,,24083.49985,COMMERCIAL,6,COMMERCIAL,F1,-95.3729,29.75455
474,,17788.38506,COMMERCIAL,6,COMMERCIAL,F1,-95.3699,29.75476
520,,133431.5642,COMMERCIAL,6,COMMERCIAL,F1,-95.3738,29.75692
613,UNDER 5000SF,4776.961687,COMMERCIAL,6,COMMERCIAL,F1,-95.3657,29.74994
660,,11794.15588,COMMERCIAL,6,COMMERCIAL,F1,-95.3713,29.75498
709,UNDER 5000SF,446.8554521,COMMERCIAL,6,COMMERCIAL,F1,-95.3673,29.75327
747,,39140.45687,COMMERCIAL,6,COMMERCIAL,F1,-95.373,29.75724
760,UNDER 5000SF,1436.734762,COMMERCIAL,6,COMMERCIAL,F1,-95.365,29.75082
827,,62544.54382,COMMERCIAL,6,COMMERCIAL,F1,-95.3706,29.75542
895,,35730.90189,COMMERCIAL,6,COMMERCIAL,F1,-95.3695,29.75358
967,,7955.87491,COMMERCIAL,6,COMMERCIAL,F1,-95.3664,29.7531
991,UNDER 5000SF,1264.599153,COMMERCIAL,6,COMMERCIAL,F1,-95.3674,29.75099
1044,UNDER 5000SF,498.9036787,COMMERCIAL,6,COMMERCIAL,F1,-95.3674,29.75333
1112,,6760.59236,COMMERCIAL,6,COMMERCIAL,F1,-95.3663,29.75153
1159,,39900.27271,COMMERCIAL,6,COMMERCIAL,F1,-95.3667,29.75071
1260,,17411.66537,COMMERCIAL,6,COMMERCIAL,F1,-95.3706,29.7543
1263,,64614.03123,COMMERCIAL,6,COMMERCIAL,F1,-95.3709,29.75341
1314,,11654.37601,COMMERCIAL,6,COMMERCIAL,F1,-95.3674,29.75317
1334,UNDER 5000SF,3898.992785,COMMERCIAL,6,COMMERCIAL,F1,-95.3656,29.751
1336,UNDER 5000SF,242.4119035,COMMERCIAL,6,COMMERCIAL,F1,-95.3675,29.75338
1396,,10916.98451,COMMERCIAL,6,COMMERCIAL,F1,-95.3646,29.75207
1406,UNDER 5000SF,553.9635824,COMMERCIAL,6,COMMERCIAL,F1,-95.367,29.75132
122,,24137.8212,COMMERCIAL,7,COMMERCIAL,F1,-95.368,29.75714
129,,198019.9098,COMMERCIAL,7,COMMERCIAL,F1,-95.3651,29.75426
325,,25974.48187,COMMERCIAL,7,COMMERCIAL,F1,-95.3685,29.75498
394,,55518.97634,COMMERCIAL,7,COMMERCIAL,F1,-95.3675,29.75463
406,,39505.44526,COMMERCIAL,7,COMMERCIAL,F1,-95.3662,29.75612
489,,64049.13287,COMMERCIAL,7,COMMERCIAL,F1,-95.3697,29.75818
561,,64669.15611,COMMERCIAL,7,COMMERCIAL,F1,-95.3654,29.75557
616,,45731.55417,COMMERCIAL,7,COMMERCIAL,F1,-95.3694,29.75697
658,,53218.15768,COMMERCIAL,7,COMMERCIAL,F1,-95.3669,29.75537
679,,61934.14458,COMMERCIAL,7,COMMERCIAL,F1,-95.3657,29.75355
682,,61515.0559,COMMERCIAL,7,COMMERCIAL,F1,-95.3692,29.75565
742,,29289.47483,COMMERCIAL,7,COMMERCIAL,F1,-95.3713,29.75785
828,,73357.70213,COMMERCIAL,7,COMMERCIAL,F1,-95.37,29.75623
845,,66276.55489,COMMERCIAL,7,COMMERCIAL,F1,-95.3645,29.75506
898,,31993.41217,COMMERCIAL,7,COMMERCIAL,F1,-95.3719,29.75835
990,,64691.39136,COMMERCIAL,7,COMMERCIAL,F1,-95.3666,29.75408
1117,UNDER 5000SF,994.3081089,COMMERCIAL,7,COMMERCIAL,F1,-95.3718,29.75714
1158,,61190.42042,COMMERCIAL,7,COMMERCIAL,F1,-95.3703,29.75749
1165,,53457.71265,COMMERCIAL,7,COMMERCIAL,F1,-95.3706,29.75873
1188,UNDER 5000SF,1179.528327,COMMERCIAL,7,COMMERCIAL,F1,-95.3715,29.75721
1216,,25990.15083,COMMERCIAL,7,COMMERCIAL,F1,-95.3719,29.75735
1309,,57858.29364,COMMERCIAL,7,COMMERCIAL,F1,-95.3637,29.75454
1317,,24164.9848,COMMERCIAL,7,COMMERCIAL,F1,-95.3689,29.75769
1321,,31596.6747,COMMERCIAL,7,COMMERCIAL,F1,-95.371,29.757
180,,38846.40166,COMMERCIAL,8,COMMERCIAL,F1,-95.3674,29.75787
197,,61771.95492,COMMERCIAL,8,COMMERCIAL,F1,-95.366,29.75812
228,,26739.93931,COMMERCIAL,8,COMMERCIAL,F1,-95.3616,29.75551
290,,28767.41562,COMMERCIAL,8,COMMERCIAL,F1,-95.3683,29.7584
393,,61093.55524,COMMERCIAL,8,COMMERCIAL,F1,-95.3665,29.75736
442,,88009.30068,COMMERCIAL,8,COMMERCIAL,F1,-95.3629,29.75634
469,,58764.91737,COMMERCIAL,8,COMMERCIAL,F1,-95.3657,29.75685
487,,40187.63595,COMMERCIAL,8,COMMERCIAL,F1,-95.3643,29.75705
611,,25139.18245,COMMERCIAL,8,COMMERCIAL,F1,-95.3649,29.75615
863,,21050.86735,COMMERCIAL,8,COMMERCIAL,F1,-95.364,29.75711
1108,,30154.60843,COMMERCIAL,8,COMMERCIAL,F1,-95.3639,29.75581
1233,,29038.11737,COMMERCIAL,8,COMMERCIAL,F1,-95.3647,29.75647
1401,,27271.79095,COMMERCIAL,8,COMMERCIAL,F1,-95.3677,29.75915
117,,42924.72428,COMMERCIAL,9,COMMERCIAL,F1,-95.3665,29.76056
194,,58004.62382,COMMERCIAL,9,COMMERCIAL,F1,-95.361,29.75627
400,,61716.93239,COMMERCIAL,9,COMMERCIAL,F1,-95.3636,29.75779
468,,53543.02775,COMMERCIAL,9,COMMERCIAL,F1,-95.3656,29.7601
675,,130406.0205,COMMERCIAL,9,COMMERCIAL,F1,-95.3642,29.75871
677,,31946.31514,COMMERCIAL,9,COMMERCIAL,F1,-95.3653,29.75876
761,,60087.43185,COMMERCIAL,9,COMMERCIAL,F1,-95.3648,29.7596
846,,61089.80575,COMMERCIAL,9,COMMERCIAL,F1,-95.3662,29.75939
890,UNDER 5000SF,480.4159681,,9,COMMERCIAL,F1,-95.3631,29.75814
1036,,66195.82871,COMMERCIAL,9,COMMERCIAL,F1,-95.3627,29.75728
177,UNDER 5000SF,4861.121116,COMMERCIAL,10,COMMERCIAL,F1,-95.3648,29.76156
251,UNDER 5000SF,4579.29817,COMMERCIAL,10,COMMERCIAL,F1,-95.3595,29.75947
254,,29459.97532,COMMERCIAL,10,COMMERCIAL,F1,-95.3617,29.76027
283,,63202.03447,COMMERCIAL,10,COMMERCIAL,F1,-95.3635,29.76116
338,,43128.79152,COMMERCIAL,10,COMMERCIAL,F1,-95.3643,29.76169
358,,208092.106,COMMERCIAL,10,COMMERCIAL,F1,-95.3678,29.76246
467,,30102.65609,COMMERCIAL,10,COMMERCIAL,F1,-95.3631,29.76176
502,,5201.774572,COMMERCIAL,10,COMMERCIAL,F1,-95.359,29.75929
506,,32140.90405,COMMERCIAL,10,COMMERCIAL,F1,-95.3645,29.76309
585,,28552.33958,COMMERCIAL,10,COMMERCIAL,F1,-95.3619,29.75994
605,,8888.990465,COMMERCIAL,10,COMMERCIAL,F1,-95.3612,29.76117
610,,22889.30346,COMMERCIAL,10,COMMERCIAL,F1,-95.364,29.76039
669,,8486.45141,COMMERCIAL,10,COMMERCIAL,F1,-95.3599,29.75806
774,,9008.123062,COMMERCIAL,10,COMMERCIAL,F1,-95.3603,29.76004
777,,62383.19711,COMMERCIAL,10,COMMERCIAL,F1,-95.3624,29.75931
819,UNDER 5000SF,4151.212351,COMMERCIAL,10,COMMERCIAL,F1,-95.3599,29.75972
820,UNDER 5000SF,3228.150203,COMMERCIAL,10,COMMERCIAL,F1,-95.3608,29.76094
968,,24671.68957,COMMERCIAL,10,COMMERCIAL,F1,-95.3674,29.76425
1019,,15643.99306,COMMERCIAL,10,COMMERCIAL,F1,-95.3606,29.76035
1034,,13883.87911,COMMERCIAL,10,COMMERCIAL,F1,-95.3596,29.75775
1081,,10474.22123,COMMERCIAL,10,COMMERCIAL,F1,-95.3602,29.7577
1203,UNDER 5000SF,3244.89997,COMMERCIAL,10,COMMERCIAL,F1,-95.3599,29.7604
1230,,59807.38033,COMMERCIAL,10,COMMERCIAL,F1,-95.3616,29.75877
1289,,16971.49831,COMMERCIAL,10,COMMERCIAL,F1,-95.3647,29.7627
396,UNDER 5000SF,1421.080581,COMMERCIAL,11,COMMERCIAL,F1,-95.3619,29.76444
504,,56052.3105,COMMERCIAL,11,COMMERCIAL,F1,-95.3615,29.76212
583,,9071.959108,COMMERCIAL,11,COMMERCIAL,F1,-95.3601,29.76436
634,,5313.528851,COMMERCIAL,11,COMMERCIAL,F1,-95.3602,29.76172
668,,64864.08832,COMMERCIAL,11,COMMERCIAL,F1,-95.3603,29.76365
701,,32835.43468,COMMERCIAL,11,COMMERCIAL,F1,-95.3579,29.75997
733,,14671.42226,COMMERCIAL,11,COMMERCIAL,F1,-95.3626,29.7639
799,,9210.996762,COMMERCIAL,11,COMMERCIAL,F1,-95.3609,29.76258
1178,UNDER 5000SF,4484.469276,COMMERCIAL,11,COMMERCIAL,F1,-95.361,29.76406
1180,,7847.565638,COMMERCIAL,11,COMMERCIAL,F1,-95.362,29.76438
1332,UNDER 5000SF,2081.768873,COMMERCIAL,11,COMMERCIAL,F1,-95.3617,29.76452
1388,,14450.76105,COMMERCIAL,11,COMMERCIAL,F1,-95.3614,29.76408
105,,6072.427463,COMMERCIAL,0,COMMERCIAL,F1,-95.3569,29.75026
108,,7824.839277,COMMERCIAL,0,COMMERCIAL,F1,-95.3599,29.74695
113,,33785.14916,COMMERCIAL,0,COMMERCIAL,F1,-95.3484,29.76929
127,UNDER 5000SF,1809.360784,COMMERCIAL,0,COMMERCIAL,F1,-95.3612,29.74282
135,,7179.253806,COMMERCIAL,0,COMMERCIAL,F1,-95.3661,29.74308
142,UNDER 5000SF,4498.210765,COMMERCIAL,0,COMMERCIAL,F1,-95.3728,29.76515
143,,38922.1401,COMMERCIAL,0,COMMERCIAL,F1,-95.3745,29.74898
159,UNDER 5000SF,630.8655177,COMMERCIAL,0,COMMERCIAL,F1,-95.3663,29.74492
164,UNDER 5000SF,1593.696949,COMMERCIAL,0,COMMERCIAL,F1,-95.3727,29.7653
165,,56676.17332,COMMERCIAL,0,COMMERCIAL,F1,-95.3733,29.76655
166,UNDER 5000SF,1935.089349,COMMERCIAL,0,COMMERCIAL,F1,-95.3746,29.76523
168,UNDER 5000SF,4321.323448,COMMERCIAL,0,COMMERCIAL,F1,-95.3556,29.74987
170,UNDER 5000SF,3062.396691,COMMERCIAL,0,COMMERCIAL,F1,-95.3564,29.74498
184,UNDER 5000SF,1246.202921,COMMERCIAL,0,COMMERCIAL,F1,-95.3761,29.76424
186,,21588.37481,MULTIFAMILY,0,COMMERCIAL,F1,-95.3507,29.75674
201,,8772.591558,COMMERCIAL,0,COMMERCIAL,F1,-95.3683,29.74525
207,,27186.56148,COMMERCIAL,0,COMMERCIAL,F1,-95.372,29.74745
208,,5056.723125,COMMERCIAL,0,COMMERCIAL,F1,-95.3743,29.76499
209,,7942.409505,COMMERCIAL,0,COMMERCIAL,F1,-95.3756,29.75039
211,,22290.52261,COMMERCIAL,0,COMMERCIAL,F1,-95.3768,29.74943
213,UNDER 5000SF,3482.18377,COMMERCIAL,0,COMMERCIAL,F1,-95.3774,29.75292
214,UNDER 5000SF,2753.035979,COMMERCIAL,0,COMMERCIAL,F1,-95.3772,29.75309
220,,30308.00157,COMMERCIAL,0,COMMERCIAL,F1,-95.3501,29.77228
222,,13358.46821,COMMERCIAL,0,COMMERCIAL,F1,-95.3562,29.74792
223,,49152.44915,COMMERCIAL,0,COMMERCIAL,F1,-95.3568,29.7471
224,,19209.21417,COMMERCIAL,0,COMMERCIAL,F1,-95.3574,29.74975
236,UNDER 5000SF,604.7519973,COMMERCIAL,0,COMMERCIAL,F1,-95.3728,29.7499
241,,18781.00154,COMMERCIAL,0,COMMERCIAL,F1,-95.3783,29.7575
248,UNDER 5000SF,4810.445636,COMMERCIAL,0,COMMERCIAL,F1,-95.3567,29.7484
269,UNDER 5000SF,781.2718982,COMMERCIAL,0,COMMERCIAL,F1,-95.3748,29.7651
275,UNDER 5000SF,4409.293684,COMMERCIAL,0,COMMERCIAL,F1,-95.3557,29.75192
288,,22585.0113,COMMERCIAL,0,COMMERCIAL,F1,-95.367,29.74229
294,,17599.65836,COMMERCIAL,0,COMMERCIAL,F1,-95.3725,29.74794
296,UNDER 5000SF,4527.326253,COMMERCIAL,0,COMMERCIAL,F1,-95.374,29.74999
302,UNDER 5000SF,4864.665353,COMMERCIAL,0,COMMERCIAL,F1,-95.3468,29.75861
303,,9121.046128,COMMERCIAL,0,COMMERCIAL,F1,-95.349,29.76063
304,,13322.04159,COMMERCIAL,0,COMMERCIAL,F1,-95.3491,29.75556
310,UNDER 5000SF,3263.459552,COMMERCIAL,0,COMMERCIAL,F1,-95.3612,29.74292
320,UNDER 5000SF,1685.723598,COMMERCIAL,0,COMMERCIAL,F1,-95.3667,29.74076
322,,38536.30435,COMMERCIAL,0,COMMERCIAL,F1,-95.3552,29.75055
324,,14729.9341,COMMERCIAL,0,COMMERCIAL,F1,-95.3555,29.75183
327,,25465.18034,COMMERCIAL,0,COMMERCIAL,F1,-95.3504,29.75853
334,,27951.43025,COMMERCIAL,0,COMMERCIAL,F1,-95.355,29.74821
335,UNDER 5000SF,790.4508218,COMMERCIAL,0,COMMERCIAL,F1,-95.3753,29.74951
365,,16357.77571,COMMERCIAL,0,COMMERCIAL,F1,-95.3759,29.74891
370,,5270.693124,COMMERCIAL,0,COMMERCIAL,F1,-95.3489,29.75769
377,,7939.386771,COMMERCIAL,0,COMMERCIAL,F1,-95.3568,29.75068
382,UNDER 5000SF,2316.724829,COMMERCIAL,0,COMMERCIAL,F1,-95.3601,29.741
391,UNDER 5000SF,3484.563732,COMMERCIAL,0,COMMERCIAL,F1,-95.3668,29.74064
392,UNDER 5000SF,2402.058812,COMMERCIAL,0,COMMERCIAL,F1,-95.3581,29.74675
395,UNDER 5000SF,829.4312771,,0,COMMERCIAL,F1,-95.3689,29.7459
402,UNDER 5000SF,2898.241469,COMMERCIAL,0,COMMERCIAL,F1,-95.3719,29.74616
403,,5989.985284,COMMERCIAL,0,COMMERCIAL,F1,-95.3719,29.746
408,UNDER 5000SF,3692.109154,COMMERCIAL,0,COMMERCIAL,F1,-95.3748,29.76572
417,UNDER 5000SF,4364.232027,COMMERCIAL,0,COMMERCIAL,F1,-95.3702,29.74503
418,UNDER 5000SF,3791.95028,COMMERCIAL,0,COMMERCIAL,F1,-95.3705,29.74477
429,,17651.72976,COMMERCIAL,0,COMMERCIAL,F1,-95.3474,29.75786
434,,14790.96549,COMMERCIAL,0,COMMERCIAL,F1,-95.3559,29.74877
436,UNDER 5000SF,2595.498599,COMMERCIAL,0,COMMERCIAL,F1,-95.3576,29.74426
439,,6804.714919,COMMERCIAL,0,COMMERCIAL,F1,-95.3594,29.74665
446,,22427.48399,COMMERCIAL,0,COMMERCIAL,F1,-95.3655,29.7422
458,UNDER 5000SF,2753.057935,COMMERCIAL,0,COMMERCIAL,F1,-95.3492,29.76085
459,UNDER 5000SF,1294.826136,COMMERCIAL,0,COMMERCIAL,F1,-95.35,29.75636
461,,10576.52647,COMMERCIAL,0,COMMERCIAL,F1,-95.3549,29.75266
466,,5973.28241,COMMERCIAL,0,COMMERCIAL,F1,-95.3596,29.74643
470,,11105.50461,COMMERCIAL,0,COMMERCIAL,F1,-95.367,29.74036
490,UNDER 5000SF,2738.45836,COMMERCIAL,0,COMMERCIAL,F1,-95.3722,29.74583
498,,67548.01,COMMERCIAL,0,COMMERCIAL,F1,-95.3499,29.76819
501,,24825.01911,COMMERCIAL,0,COMMERCIAL,F1,-95.3554,29.74273
515,UNDER 5000SF,4032.820513,COMMERCIAL,0,COMMERCIAL,F1,-95.3705,29.74634
517,,22507.12441,COMMERCIAL,0,COMMERCIAL,F1,-95.3711,29.74534
521,UNDER 5000SF,4780.429085,COMMERCIAL,0,COMMERCIAL,F1,-95.3744,29.76588
522,,8169.874085,COMMERCIAL,0,COMMERCIAL,F1,-95.3746,29.76495
526,,5807.084165,COMMERCIAL,0,COMMERCIAL,F1,-95.3502,29.7556
527,,48242.50776,COMMERCIAL,0,COMMERCIAL,F1,-95.3512,29.75595
529,UNDER 5000SF,1624.439871,COMMERCIAL,0,COMMERCIAL,F1,-95.3567,29.74409
530,UNDER 5000SF,1271.475468,COMMERCIAL,0,COMMERCIAL,F1,-95.3571,29.74094
532,,19919.42254,COMMERCIAL,0,COMMERCIAL,F1,-95.3591,29.74397
533,,5328.451433,COMMERCIAL,0,COMMERCIAL,F1,-95.36,29.74662
541,,48355.18375,COMMERCIAL,0,COMMERCIAL,F1,-95.3645,29.73901
543,UNDER 5000SF,3059.503637,COMMERCIAL,0,COMMERCIAL,F1,-95.3668,29.74137
544,,10514.4208,COMMERCIAL,0,COMMERCIAL,F1,-95.3519,29.75619
545,,11790.04327,COMMERCIAL,0,COMMERCIAL,F1,-95.3545,29.75011
549,,10345.62016,COMMERCIAL,0,COMMERCIAL,F1,-95.3592,29.74615
552,UNDER 5000SF,2966.238004,COMMERCIAL,0,COMMERCIAL,F1,-95.3753,29.75154
559,UNDER 5000SF,4349.422191,COMMERCIAL,0,COMMERCIAL,F1,-95.3775,29.75268
568,,26256.98675,COMMERCIAL,0,COMMERCIAL,F1,-95.3704,29.74758
570,UNDER 5000SF,3625.396812,COMMERCIAL,0,COMMERCIAL,F1,-95.3728,29.76452
571,,8590.968949,COMMERCIAL,0,COMMERCIAL,F1,-95.3739,29.74956
575,,21439.93461,COMMERCIAL,0,COMMERCIAL,F1,-95.3476,29.77121
591,,8200.328821,COMMERCIAL,0,COMMERCIAL,F1,-95.3736,29.74851
592,,27508.92586,COMMERCIAL,0,COMMERCIAL,F1,-95.3743,29.76434
600,,18538.31268,COMMERCIAL,0,COMMERCIAL,F1,-95.3582,29.74889
601,,26537.80889,COMMERCIAL,0,COMMERCIAL,F1,-95.3587,29.74617
602,,16656.07881,COMMERCIAL,0,COMMERCIAL,F1,-95.3596,29.74559
603,UNDER 5000SF,2987.534975,COMMERCIAL,0,COMMERCIAL,F1,-95.3604,29.74151
626,,7917.97857,COMMERCIAL,0,COMMERCIAL,F1,-95.3787,29.75813
653,,5437.02609,COMMERCIAL,0,COMMERCIAL,F1,-95.3584,29.74176
655,,17280.53198,COMMERCIAL,0,COMMERCIAL,F1,-95.36,29.74458
665,UNDER 5000SF,1289.317785,COMMERCIAL,0,COMMERCIAL,F1,-95.3519,29.7722
667,,9802.095933,COMMERCIAL,0,COMMERCIAL,F1,-95.3575,29.74832
685,,8085.975601,COMMERCIAL,0,COMMERCIAL,F1,-95.3702,29.74826
687,,9824.304048,COMMERCIAL,0,COMMERCIAL,F1,-95.3724,29.74962
688,,5904.157792,COMMERCIAL,0,COMMERCIAL,F1,-95.3731,29.74628
692,,11291.81101,COMMERCIAL,0,COMMERCIAL,F1,-95.3772,29.75068
699,UNDER 5000SF,549.5804257,COMMERCIAL,0,COMMERCIAL,F1,-95.3564,29.75088
700,,71197.22926,COMMERCIAL,0,COMMERCIAL,F1,-95.3565,29.76917
704,UNDER 5000SF,1004.959743,COMMERCIAL,0,COMMERCIAL,F1,-95.3597,29.74186
711,UNDER 5000SF,2389.730381,,0,COMMERCIAL,F1,-95.3689,29.74586
713,UNDER 5000SF,3198.412366,COMMERCIAL,0,COMMERCIAL,F1,-95.3709,29.74875
715,UNDER 5000SF,3468.432384,COMMERCIAL,0,COMMERCIAL,F1,-95.3749,29.75005
716,,17050.24089,COMMERCIAL,0,COMMERCIAL,F1,-95.3756,29.75068
721,UNDER 5000SF,2147.857179,COMMERCIAL,0,COMMERCIAL,F1,-95.3484,29.75783
722,UNDER 5000SF,2799.547105,COMMERCIAL,0,COMMERCIAL,F1,-95.3486,29.76777
723,UNDER 5000SF,1536.681812,COMMERCIAL,0,COMMERCIAL,F1,-95.35,29.7545
727,UNDER 5000SF,4107.74792,COMMERCIAL,0,COMMERCIAL,F1,-95.358,29.74863
730,UNDER 5000SF,811.1667035,COMMERCIAL,0,COMMERCIAL,F1,-95.3592,29.74228
731,,11936.07364,COMMERCIAL,0,COMMERCIAL,F1,-95.3602,29.74584
745,,6246.822378,COMMERCIAL,0,COMMERCIAL,F1,-95.3724,29.74631
751,,5876.305292,COMMERCIAL,0,COMMERCIAL,F1,-95.3779,29.75296
756,,14006.69766,COMMERCIAL,0,COMMERCIAL,F1,-95.3595,29.74235
769,,9839.34726,COMMERCIAL,0,COMMERCIAL,F1,-95.3486,29.757
784,UNDER 5000SF,2897.132448,COMMERCIAL,0,COMMERCIAL,F1,-95.3742,29.75068
787,,14438.33297,COMMERCIAL,0,COMMERCIAL,F1,-95.3764,29.75116
796,,15080.21575,COMMERCIAL,0,COMMERCIAL,F1,-95.3576,29.74741
802,,35212.96742,COMMERCIAL,0,COMMERCIAL,F1,-95.3667,29.74416
810,UNDER 5000SF,2311.042722,COMMERCIAL,0,COMMERCIAL,F1,-95.3487,29.7575
811,,7149.026421,COMMERCIAL,0,COMMERCIAL,F1,-95.35,29.75612
812,,46987.7203,COMMERCIAL,0,COMMERCIAL,F1,-95.3495,29.75494
825,,17035.04729,COMMERCIAL,0,COMMERCIAL,F1,-95.3658,29.74385
829,,27776.32622,COMMERCIAL,0,COMMERCIAL,F1,-95.3724,29.7468
832,,13245.69615,COMMERCIAL,0,COMMERCIAL,F1,-95.3774,29.75738
835,,52742.38114,COMMERCIAL,0,COMMERCIAL,F1,-95.3566,29.74914
851,,9805.936436,COMMERCIAL,0,COMMERCIAL,F1,-95.3746,29.7504
858,,44857.91681,COMMERCIAL,0,COMMERCIAL,F1,-95.3547,29.7514
859,UNDER 5000SF,3961.783151,COMMERCIAL,0,COMMERCIAL,F1,-95.3549,29.75229
869,,8153.056266,COMMERCIAL,0,COMMERCIAL,F1,-95.3477,29.76892
876,,9643.321981,COMMERCIAL,0,COMMERCIAL,F1,-95.3505,29.75531
882,,28349.83141,COMMERCIAL,0,COMMERCIAL,F1,-95.356,29.74343
885,UNDER 5000SF,528.818185,COMMERCIAL,0,COMMERCIAL,F1,-95.3757,29.74866
887,,8122.963139,COMMERCIAL,0,COMMERCIAL,F1,-95.3774,29.74974
899,UNDER 5000SF,2877.674991,COMMERCIAL,0,COMMERCIAL,F1,-95.3723,29.74901
904,,76108.8454,COMMERCIAL,0,COMMERCIAL,F1,-95.3488,29.76006
907,UNDER 5000SF,1492.318632,COMMERCIAL,0,COMMERCIAL,F1,-95.3501,29.7538
915,UNDER 5000SF,3464.661828,COMMERCIAL,0,COMMERCIAL,F1,-95.3625,29.7387
917,UNDER 5000SF,2864.550452,COMMERCIAL,0,COMMERCIAL,F1,-95.3643,29.74373
918,UNDER 5000SF,3159.588719,COMMERCIAL,0,COMMERCIAL,F1,-95.365,29.7446
926,,11930.48597,COMMERCIAL,0,COMMERCIAL,F1,-95.3756,29.75268
927,UNDER 5000SF,1498.297684,COMMERCIAL,0,COMMERCIAL,F1,-95.3754,29.75137
936,,12850.85912,COMMERCIAL,0,COMMERCIAL,F1,-95.3586,29.74351
940,,7350.920688,COMMERCIAL,0,COMMERCIAL,F1,-95.3684,29.74654
944,,8773.793333,COMMERCIAL,0,COMMERCIAL,F1,-95.3699,29.74537
946,,8085.202338,COMMERCIAL,0,COMMERCIAL,F1,-95.3748,29.75147
953,,23184.29496,COMMERCIAL,0,COMMERCIAL,F1,-95.3541,29.7488
954,UNDER 5000SF,1490.193732,COMMERCIAL,0,COMMERCIAL,F1,-95.3569,29.74518
969,UNDER 5000SF,2678.453677,COMMERCIAL,0,COMMERCIAL,F1,-95.3748,29.76523
973,,14547.3095,COMMERCIAL,0,COMMERCIAL,F1,-95.3761,29.75298
975,,7039.123176,COMMERCIAL,0,COMMERCIAL,F1,-95.3497,29.75585
980,,27401.4308,COMMERCIAL,0,COMMERCIAL,F1,-95.3561,29.75101
982,UNDER 5000SF,4804.762984,COMMERCIAL,0,COMMERCIAL,F1,-95.3573,29.74775
995,UNDER 5000SF,1898.322577,COMMERCIAL,0,COMMERCIAL,F1,-95.3715,29.74733
996,UNDER 5000SF,1344.809574,COMMERCIAL,0,COMMERCIAL,F1,-95.3726,29.74653
997,UNDER 5000SF,3003.996916,COMMERCIAL,0,COMMERCIAL,F1,-95.3739,29.75085
998,UNDER 5000SF,906.9998121,COMMERCIAL,0,COMMERCIAL,F1,-95.3762,29.76435
1000,UNDER 5000SF,587.3980954,COMMERCIAL,0,COMMERCIAL,F1,-95.3771,29.75726
1006,,9826.80709,COMMERCIAL,0,COMMERCIAL,F1,-95.3503,29.7542
1008,,33984.90781,COMMERCIAL,0,COMMERCIAL,F1,-95.3543,29.75222
1009,,15557.47304,COMMERCIAL,0,COMMERCIAL,F1,-95.3561,29.76964
1011,UNDER 5000SF,3973.720261,COMMERCIAL,0,COMMERCIAL,F1,-95.3559,29.74951
1042,,14388.6816,COMMERCIAL,0,COMMERCIAL,F1,-95.3664,29.74601
1046,UNDER 5000SF,2522.476178,COMMERCIAL,0,COMMERCIAL,F1,-95.3702,29.74746
1056,UNDER 5000SF,4588.618047,COMMERCIAL,0,COMMERCIAL,F1,-95.355,29.75237
1071,UNDER 5000SF,4814.923509,COMMERCIAL,0,COMMERCIAL,F1,-95.3742,29.76605
1072,UNDER 5000SF,4384.385005,COMMERCIAL,0,COMMERCIAL,F1,-95.3755,29.74877
1077,,14975.16908,COMMERCIAL,0,COMMERCIAL,F1,-95.3554,29.74952
1079,UNDER 5000SF,3474.073574,COMMERCIAL,0,COMMERCIAL,F1,-95.3555,29.75215
1082,UNDER 5000SF,3219.651548,COMMERCIAL,0,COMMERCIAL,F1,-95.3617,29.74314
1090,UNDER 5000SF,1197.89618,,0,COMMERCIAL,F1,-95.3691,29.74574
1094,UNDER 5000SF,1341.133471,COMMERCIAL,0,COMMERCIAL,F1,-95.3701,29.74522
1095,UNDER 5000SF,898.703815,COMMERCIAL,0,COMMERCIAL,F1,-95.3725,29.74981
1096,,8947.02255,COMMERCIAL,0,COMMERCIAL,F1,-95.3751,29.74944
1101,,15530.7704,COMMERCIAL,0,COMMERCIAL,F1,-95.3477,29.75704
1116,UNDER 5000SF,3789.351261,COMMERCIAL,0,COMMERCIAL,F1,-95.3698,29.74639
1123,,6059.809966,COMMERCIAL,0,COMMERCIAL,F1,-95.35,29.75771
1124,,31875.80758,COMMERCIAL,0,COMMERCIAL,F1,-95.3507,29.75801
1126,UNDER 5000SF,1160.774398,COMMERCIAL,0,COMMERCIAL,F1,-95.3557,29.75222
1127,,25272.30973,COMMERCIAL,0,COMMERCIAL,F1,-95.3561,29.75004
1143,,34686.35379,COMMERCIAL,0,COMMERCIAL,F1,-95.3572,29.76856
1149,,19522.51834,MULTIFAMILY,0,COMMERCIAL,F1,-95.3654,29.74449
1151,,18578.16621,COMMERCIAL,0,COMMERCIAL,F1,-95.3663,29.74519
1152,,14702.0776,COMMERCIAL,0,COMMERCIAL,F1,-95.3606,29.74048
1163,,7823.025857,COMMERCIAL,0,COMMERCIAL,F1,-95.3707,29.74576
1169,UNDER 5000SF,2994.227898,,0,COMMERCIAL,F1,-95.3769,29.7534
1175,UNDER 5000SF,4377.665793,COMMERCIAL,0,COMMERCIAL,F1,-95.3557,29.75206
1176,UNDER 5000SF,2821.767507,COMMERCIAL,0,COMMERCIAL,F1,-95.3567,29.74448
1179,UNDER 5000SF,4086.755672,COMMERCIAL,0,COMMERCIAL,F1,-95.3609,29.74542
1187,UNDER 5000SF,2758.605965,COMMERCIAL,0,COMMERCIAL,F1,-95.3704,29.74554
1202,UNDER 5000SF,1624.296934,COMMERCIAL,0,COMMERCIAL,F1,-95.3593,29.74219
1217,,7895.874785,COMMERCIAL,0,COMMERCIAL,F1,-95.3729,29.74772
1219,,29412.27219,,0,COMMERCIAL,F1,-95.3477,29.75902
1223,,10549.27005,COMMERCIAL,0,COMMERCIAL,F1,-95.3556,29.74223
1227,,49308.66774,COMMERCIAL,0,COMMERCIAL,F1,-95.3587,29.74493
1228,UNDER 5000SF,603.5864441,COMMERCIAL,0,COMMERCIAL,F1,-95.3593,29.74206
1247,UNDER 5000SF,1160.577371,COMMERCIAL,0,COMMERCIAL,F1,-95.3497,29.75432
1249,,19740.90975,COMMERCIAL,0,COMMERCIAL,F1,-95.3518,29.77188
1261,UNDER 5000SF,2394.476619,COMMERCIAL,0,COMMERCIAL,F1,-95.3707,29.74771
1266,UNDER 5000SF,573.7416555,COMMERCIAL,0,COMMERCIAL,F1,-95.3762,29.76421
1272,,33461.01667,COMMERCIAL,0,COMMERCIAL,F1,-95.3485,29.76825
1276,,32506.41073,COMMERCIAL,0,COMMERCIAL,F1,-95.3538,29.75078
1281,UNDER 5000SF,2654.589089,COMMERCIAL,0,COMMERCIAL,F1,-95.3578,29.74437
1282,,7837.975652,COMMERCIAL,0,COMMERCIAL,F1,-95.359,29.74647
1284,UNDER 5000SF,2111.75834,COMMERCIAL,0,COMMERCIAL,F1,-95.3619,29.74279
1290,,19774.98881,COMMERCIAL,0,COMMERCIAL,F1,-95.3646,29.74391
1294,,33616.18895,COMMERCIAL,0,COMMERCIAL,F1,-95.3713,29.74815
1297,,6431.556579,COMMERCIAL,0,COMMERCIAL,F1,-95.3757,29.75804
1305,UNDER 5000SF,753.2077712,COMMERCIAL,0,COMMERCIAL,F1,-95.3564,29.74479
1306,UNDER 5000SF,2537.272085,COMMERCIAL,0,COMMERCIAL,F1,-95.3582,29.74653
1313,UNDER 5000SF,1295.174615,COMMERCIAL,0,COMMERCIAL,F1,-95.3667,29.7425
1337,,16008.07244,COMMERCIAL,0,COMMERCIAL,F1,-95.3682,29.7471
1340,UNDER 5000SF,2343.017352,COMMERCIAL,0,COMMERCIAL,F1,-95.3749,29.7521
1342,UNDER 5000SF,2475.719173,COMMERCIAL,0,COMMERCIAL,F1,-95.3768,29.7576
1343,,5566.964131,COMMERCIAL,0,COMMERCIAL,F1,-95.3777,29.75282
1346,UNDER 5000SF,1865.703267,COMMERCIAL,0,COMMERCIAL,F1,-95.3486,29.75765
1347,,57846.57972,COMMERCIAL,0,COMMERCIAL,F1,-95.3484,29.77208
1348,,15530.40645,COMMERCIAL,0,COMMERCIAL,F1,-95.3545,29.7488
1350,,5064.233204,COMMERCIAL,0,COMMERCIAL,F1,-95.3594,29.74732
1356,,6390.208701,COMMERCIAL,0,COMMERCIAL,F1,-95.3683,29.76966
1358,,42096.38687,COMMERCIAL,0,COMMERCIAL,F1,-95.3695,29.74711
1368,,40819.07655,COMMERCIAL,0,COMMERCIAL,F1,-95.3481,29.75744
1370,,43074.5577,COMMERCIAL,0,COMMERCIAL,F1,-95.3536,29.74962
1373,,16711.52367,COMMERCIAL,0,COMMERCIAL,F1,-95.3548,29.75026
1379,,5977.8213,COMMERCIAL,0,COMMERCIAL,F1,-95.3594,29.74183
1405,,5316.501457,COMMERCIAL,0,COMMERCIAL,F1,-95.3665,29.74115
1407,UNDER 5000SF,2840.304186,COMMERCIAL,0,COMMERCIAL,F1,-95.3697,29.7482
684,,15289.99647,MULTIFAMILY,5,INDUSTRIAL,F2,-95.3692,29.75116
941,,29879.50393,MULTIFAMILY,5,INDUSTRIAL,F2,-95.3688,29.751
481,,47949.40288,,0,INDUSTRIAL,F2,-95.3492,29.77301
652,,41235.02169,,0,INDUSTRIAL,F2,-95.3485,29.77109
1327,,46052.89116,COMMERCIAL,0,INDUSTRIAL,F2,-95.3484,29.77312
1365,,31741.03328,COMMERCIAL,0,INDUSTRIAL,F2,-95.3493,29.77228
726,UNDER 5000SF,770.2592606,,1,UTILITY,J3,-95.3527,29.76412
794,UNDER 5000SF,728.947318,,1,UTILITY,J3,-95.3528,29.76421
834,UNDER 5000SF,665.5373738,,1,UTILITY,J3,-95.3529,29.76431
1055,UNDER 5000SF,2663.346035,,1,UTILITY,J3,-95.3525,29.76267
1103,UNDER 5000SF,2301.518525,,1,UTILITY,J3,-95.3525,29.76278
1174,UNDER 5000SF,1435.816704,,1,UTILITY,J3,-95.3523,29.76278
1303,UNDER 5000SF,4748.774193,,1,UTILITY,J3,-95.3531,29.76296
800,UNDER 5000SF,644.8990346,,3,UTILITY,J3,-95.3614,29.75242
959,UNDER 5000SF,575.8864409,,3,UTILITY,J3,-95.362,29.75219
237,,5865.889876,,6,UTILITY,J3,-95.3735,29.75548
676,,36119.31927,,6,UTILITY,J4,-95.3653,29.75222
372,,11172.73906,COMMERCIAL,0,UTILITY,J4,-95.351,29.77205
576,UNDER 5000SF,4811.005615,,0,UTILITY,J4,-95.3517,29.77084
931,,18252.60007,,0,UTILITY,J4,-95.3509,29.77093
1274,,5484.319841,,0,UTILITY,J4,-95.351,29.77134
460,,67836.95757,COMMERCIAL,0,UTILITY,J5,-95.3505,29.77391
1238,,10182.32367,,0,UTILITY,J5,-95.3675,29.76744
103,,18575.81915,,1,COMMUNITY,X1,-95.3535,29.76638
321,,18883.03609,,1,COMMUNITY,X1,-95.3544,29.76614
390,,11348.29145,,1,COMMUNITY,X1,-95.3571,29.76379
433,,18664.9527,,1,COMMUNITY,X1,-95.3546,29.76642
531,,5513.583636,,1,COMMUNITY,X1,-95.3572,29.76575
577,UNDER 5000SF,4090.854936,,1,COMMUNITY,X1,-95.3518,29.76846
770,,111621.0525,,1,COMMUNITY,X1,-95.3561,29.76334
795,,14380.94529,,1,COMMUNITY,X1,-95.356,29.76574
813,,18507.45798,,1,COMMUNITY,X1,-95.3538,29.76665
857,,14322.14877,,1,COMMUNITY,X1,-95.3528,29.76659
934,,14381.78946,,1,COMMUNITY,X1,-95.3553,29.76589
1130,UNDER 5000SF,1091.44181,,1,COMMUNITY,X1,-95.3574,29.76584
1221,,71745.60193,,1,COMMUNITY,X1,-95.3546,29.76392
1222,,40980.76552,,1,COMMUNITY,X1,-95.3556,29.76418
1226,,64079.58426,,1,COMMUNITY,X1,-95.3577,29.76474
1251,,96967.18324,COMMERCIAL,1,COMMUNITY,X1,-95.3528,29.7678
1252,,74702.27515,,1,COMMUNITY,X1,-95.3565,29.76444
1275,,18537.87907,,1,COMMUNITY,X1,-95.3529,29.76688
1278,,40722.69345,,1,COMMUNITY,X1,-95.356,29.76605
152,,530311.9272,,2,COMMUNITY,X1,-95.3553,29.75719
307,UNDER 5000SF,2782.971899,,2,COMMUNITY,X1,-95.3565,29.7599
337,,55855.968,,2,COMMUNITY,X1,-95.3566,29.76032
1010,,6744.862148,,2,COMMUNITY,X1,-95.3558,29.75818
1031,,13654.68221,COMMERCIAL,2,COMMUNITY,X1,-95.3542,29.76127
126,,6792.817412,,3,COMMUNITY,X1,-95.3601,29.75375
309,UNDER 5000SF,1475.710118,,3,COMMUNITY,X1,-95.3586,29.75311
331,UNDER 5000SF,4068.754538,,3,COMMUNITY,X1,-95.3603,29.75259
440,,8711.249577,,3,COMMUNITY,X1,-95.3601,29.75269
551,,110191.8036,,3,COMMUNITY,X1,-95.3606,29.75152
582,,806967.9109,COMMERCIAL,3,COMMUNITY,X1,-95.3579,29.75231
818,,6430.441161,,3,COMMUNITY,X1,-95.3595,29.75375
1148,UNDER 5000SF,1627.694514,,3,COMMUNITY,X1,-95.3593,29.75353
1224,,102329.8163,,3,COMMUNITY,X1,-95.3561,29.75439
1382,,13018.50919,,3,COMMUNITY,X1,-95.3597,29.75344
252,,20093.6605,,4,COMMUNITY,X1,-95.3598,29.75006
537,,231184.5562,,4,COMMUNITY,X1,-95.3622,29.75077
986,,62950.13447,,4,COMMUNITY,X1,-95.3605,29.75044
1156,,142256.1236,,4,COMMUNITY,X1,-95.363,29.74974
163,,23178.0133,,5,COMMUNITY,X1,-95.3729,29.75131
421,,16130.57577,,5,COMMUNITY,X1,-95.3736,29.75192
1047,,59654.49537,,5,COMMUNITY,X1,-95.371,29.75013
182,,6614.154912,,7,COMMUNITY,X1,-95.3712,29.75931
235,UNDER 5000SF,4085.405158,,7,COMMUNITY,X1,-95.3713,29.75901
511,,19900.59579,,7,COMMUNITY,X1,-95.368,29.75591
518,UNDER 5000SF,3166.7054,,7,COMMUNITY,X1,-95.3723,29.75892
587,,21099.44211,,7,COMMUNITY,X1,-95.3675,29.75576
160,,35756.32256,,8,COMMUNITY,X1,-95.37,29.75943
161,UNDER 5000SF,2709.276396,,8,COMMUNITY,X1,-95.3714,29.76039
162,UNDER 5000SF,1805.526169,,8,COMMUNITY,X1,-95.3716,29.76063
181,,9863.373912,,8,COMMUNITY,X1,-95.3687,29.75976
292,UNDER 5000SF,1067.675456,,8,COMMUNITY,X1,-95.3716,29.75988
419,UNDER 5000SF,712.7033763,,8,COMMUNITY,X1,-95.371,29.76038
473,,25100.08621,,8,COMMUNITY,X1,-95.3692,29.75886
618,,46838.24033,,8,COMMUNITY,X1,-95.3702,29.76068
714,UNDER 5000SF,4032.999898,,8,COMMUNITY,X1,-95.3719,29.76082
781,,29391.85906,,8,COMMUNITY,X1,-95.3694,29.76018
1293,UNDER 5000SF,3831.286035,,8,COMMUNITY,X1,-95.3692,29.75921
118,,41430.50859,,9,COMMUNITY,X1,-95.367,29.75993
156,,42342.88338,,9,COMMUNITY,X1,-95.3613,29.75749
193,,48396.65007,,9,COMMUNITY,X1,-95.3605,29.757
206,,139163.515,,9,COMMUNITY,X1,-95.3698,29.76187
847,,41976.5067,,9,COMMUNITY,X1,-95.3674,29.76109
192,,16565.29735,COMMERCIAL,10,COMMUNITY,X1,-95.3586,29.75953
250,,17589.81294,COMMERCIAL,10,COMMUNITY,X1,-95.3592,29.75989
449,UNDER 5000SF,2736.765176,,10,COMMUNITY,X1,-95.3658,29.76166
508,UNDER 5000SF,2040.921778,,10,COMMUNITY,X1,-95.3656,29.76151
735,,66751.45735,,10,COMMUNITY,X1,-95.365,29.76087
775,,47900.75422,,10,COMMUNITY,X1,-95.3607,29.75826
778,UNDER 5000SF,2982.691379,,10,COMMUNITY,X1,-95.366,29.76117
1016,,10452.04537,COMMERCIAL,10,COMMUNITY,X1,-95.3586,29.75901
1107,,17212.35407,,10,COMMUNITY,X1,-95.3592,29.75879
1201,UNDER 5000SF,2099.760542,,10,COMMUNITY,X1,-95.3582,29.75938
1256,,60543.6855,COMMERCIAL,10,COMMUNITY,X1,-95.3653,29.7622
1311,UNDER 5000SF,2336.803874,,10,COMMUNITY,X1,-95.3661,29.76139
1319,UNDER 5000SF,790.8084058,,10,COMMUNITY,X1,-95.3695,29.76297
1397,,106681.4639,,10,COMMUNITY,X1,-95.3657,29.76336
107,,19511.01219,,11,COMMUNITY,X1,-95.3592,29.76669
124,,37121.1035,,11,COMMUNITY,X1,-95.3585,29.7626
253,,25048.99687,,11,COMMUNITY,X1,-95.3597,29.76108
276,,28000.70559,COMMERCIAL,11,COMMUNITY,X1,-95.3607,29.76151
346,,25079.16071,,11,COMMUNITY,X1,-95.3595,29.76325
389,,36615.58938,,11,COMMUNITY,X1,-95.3572,29.76266
547,,18097.11513,,11,COMMUNITY,X1,-95.3579,29.76312
584,UNDER 5000SF,2739.526007,COMMERCIAL,11,COMMUNITY,X1,-95.3606,29.76198
755,,39603.11226,,11,COMMUNITY,X1,-95.3589,29.7605
773,,17192.90047,,11,COMMUNITY,X1,-95.3589,29.76193
861,,5963.304579,,11,COMMUNITY,X1,-95.3584,29.76119
957,,142714.4246,,11,COMMUNITY,X1,-95.3597,29.76607
1018,,5738.714171,,11,COMMUNITY,X1,-95.3603,29.76576
1032,UNDER 5000SF,4631.573912,,11,COMMUNITY,X1,-95.3587,29.76076
1033,UNDER 5000SF,997.9656831,,11,COMMUNITY,X1,-95.3589,29.76076
1134,,13018.53257,,11,COMMUNITY,X1,-95.3583,29.76006
1142,,47114.99796,,11,COMMUNITY,X1,-95.3577,29.76212
1225,,63999.55963,,11,COMMUNITY,X1,-95.3569,29.7616
1377,,7377.781505,,11,COMMUNITY,X1,-95.3586,29.76377
101,UNDER 5000SF,4769.273112,,0,COMMUNITY,X1,-95.3476,29.76385
125,,14103.94843,,0,COMMUNITY,X1,-95.3592,29.74437
140,UNDER 5000SF,2186.617683,,0,COMMUNITY,X1,-95.3693,29.7666
147,UNDER 5000SF,3016.44707,,0,COMMUNITY,X1,-95.3774,29.75915
155,UNDER 5000SF,1066.843616,,0,COMMUNITY,X1,-95.3596,29.74005
167,UNDER 5000SF,4736.532679,,0,COMMUNITY,X1,-95.3488,29.76192
185,UNDER 5000SF,4704.547519,,0,COMMUNITY,X1,-95.3486,29.76361
187,,11108.14298,MULTIFAMILY,0,COMMUNITY,X1,-95.3532,29.7538
202,UNDER 5000SF,3871.956207,,0,COMMUNITY,X1,-95.3696,29.76553
210,UNDER 5000SF,3652.162975,,0,COMMUNITY,X1,-95.3761,29.76306
212,,7603.925023,,0,COMMUNITY,X1,-95.3767,29.75953
219,UNDER 5000SF,3262.472523,,0,COMMUNITY,X1,-95.3489,29.76302
227,,37488.4258,,0,COMMUNITY,X1,-95.3588,29.76807
234,UNDER 5000SF,576.9680494,,0,COMMUNITY,X1,-95.3702,29.76503
238,UNDER 5000SF,2218.166346,,0,COMMUNITY,X1,-95.3767,29.75913
239,UNDER 5000SF,3931.408195,,0,COMMUNITY,X1,-95.3773,29.75888
243,UNDER 5000SF,4371.532029,,0,COMMUNITY,X1,-95.3475,29.76191
244,UNDER 5000SF,2756.524931,,0,COMMUNITY,X1,-95.349,29.76281
245,UNDER 5000SF,3594.724949,,0,COMMUNITY,X1,-95.3492,29.76223
268,UNDER 5000SF,369.4973162,,0,COMMUNITY,X1,-95.3736,29.7631
271,UNDER 5000SF,4419.094243,,0,COMMUNITY,X1,-95.3477,29.76148
297,UNDER 5000SF,978.2098878,,0,COMMUNITY,X1,-95.3764,29.76313
298,UNDER 5000SF,989.7426655,,0,COMMUNITY,X1,-95.3764,29.7519
312,UNDER 5000SF,4729.310596,,0,COMMUNITY,X1,-95.3487,29.76213
313,UNDER 5000SF,3292.748135,,0,COMMUNITY,X1,-95.3489,29.76172
314,UNDER 5000SF,2834.598182,,0,COMMUNITY,X1,-95.3491,29.76253
315,UNDER 5000SF,4903.844197,,0,COMMUNITY,X1,-95.3487,29.76342
333,,25924.55371,,0,COMMUNITY,X1,-95.3734,29.75026
340,UNDER 5000SF,912.5899192,,0,COMMUNITY,X1,-95.3776,29.75862
347,,10355.58762,,0,COMMUNITY,X1,-95.3607,29.74516
360,,6301.410475,,0,COMMUNITY,X1,-95.3698,29.76603
366,,5135.106607,,0,COMMUNITY,X1,-95.3766,29.75863
371,,57396.36937,,0,COMMUNITY,X1,-95.3505,29.77152
375,,57698.62393,MULTIFAMILY,0,COMMUNITY,X1,-95.3538,29.75414
381,,8517.17667,,0,COMMUNITY,X1,-95.3599,29.74039
401,,45828.88012,,0,COMMUNITY,X1,-95.3706,29.76808
432,UNDER 5000SF,1127.08071,,0,COMMUNITY,X1,-95.3534,29.75172
452,UNDER 5000SF,3803.380376,,0,COMMUNITY,X1,-95.3762,29.76329
478,,6358.955997,,0,COMMUNITY,X1,-95.3781,29.75825
479,UNDER 5000SF,4613.237765,,0,COMMUNITY,X1,-95.348,29.76432
488,,31759.09849,,0,COMMUNITY,X1,-95.3694,29.7691
491,,8475.390927,,0,COMMUNITY,X1,-95.3759,29.75227
493,UNDER 5000SF,2977.312503,,0,COMMUNITY,X1,-95.3762,29.75566
495,UNDER 5000SF,4800.330908,,0,COMMUNITY,X1,-95.3479,29.7635
496,UNDER 5000SF,4800.489675,,0,COMMUNITY,X1,-95.3485,29.7638
497,UNDER 5000SF,2577.519962,,0,COMMUNITY,X1,-95.349,29.76153
500,,58059.58404,MULTIFAMILY,0,COMMUNITY,X1,-95.3536,29.75287
519,,52019.29661,MULTIFAMILY,0,COMMUNITY,X1,-95.3733,29.74716
525,UNDER 5000SF,4521.172505,,0,COMMUNITY,X1,-95.3486,29.76127
562,,31361.94615,,0,COMMUNITY,X1,-95.3681,29.74401
563,UNDER 5000SF,513.3745846,,0,COMMUNITY,X1,-95.3682,29.76734
567,UNDER 5000SF,3929.690833,,0,COMMUNITY,X1,-95.37,29.76604
590,UNDER 5000SF,2325.097593,,0,COMMUNITY,X1,-95.371,29.76618
597,UNDER 5000SF,4738.647849,,0,COMMUNITY,X1,-95.3486,29.76234
615,,39842.37704,,0,COMMUNITY,X1,-95.3693,29.76868
617,UNDER 5000SF,1217.167345,,0,COMMUNITY,X1,-95.3695,29.76541
647,,25686.42247,,0,COMMUNITY,X1,-95.3683,29.76811
650,UNDER 5000SF,877.7100316,,0,COMMUNITY,X1,-95.3765,29.76198
663,,14255.34745,,0,COMMUNITY,X1,-95.3759,29.75906
664,,7377.395425,,0,COMMUNITY,X1,-95.3772,29.75953
672,,22753.68649,,0,COMMUNITY,X1,-95.3628,29.74286
683,,17079.74609,,0,COMMUNITY,X1,-95.3693,29.76439
686,UNDER 5000SF,731.7646851,,0,COMMUNITY,X1,-95.3704,29.76558
696,UNDER 5000SF,4305.243116,,0,COMMUNITY,X1,-95.3478,29.76449
719,UNDER 5000SF,4421.431937,,0,COMMUNITY,X1,-95.3474,29.76213
720,UNDER 5000SF,4419.728146,,0,COMMUNITY,X1,-95.3477,29.76283
741,UNDER 5000SF,2818.463824,,0,COMMUNITY,X1,-95.3706,29.76594
764,UNDER 5000SF,1942.990344,,0,COMMUNITY,X1,-95.37,29.76542
768,UNDER 5000SF,698.315037,,0,COMMUNITY,X1,-95.3474,29.76348
771,,5181.870896,,0,COMMUNITY,X1,-95.3576,29.76948
789,UNDER 5000SF,3036.551529,,0,COMMUNITY,X1,-95.3767,29.75832
793,UNDER 5000SF,4805.337664,,0,COMMUNITY,X1,-95.3485,29.76255
809,UNDER 5000SF,4752.224804,,0,COMMUNITY,X1,-95.3474,29.7632
830,,8925.1537,,0,COMMUNITY,X1,-95.3756,29.75207
831,,5692.812828,,0,COMMUNITY,X1,-95.3761,29.7622
833,,7100.040543,,0,COMMUNITY,X1,-95.3479,29.76106
854,UNDER 5000SF,4697.060777,,0,COMMUNITY,X1,-95.348,29.76331
855,UNDER 5000SF,4426.205789,,0,COMMUNITY,X1,-95.348,29.76247
856,UNDER 5000SF,4393.765464,,0,COMMUNITY,X1,-95.3485,29.76146
868,UNDER 5000SF,4722.984896,,0,COMMUNITY,X1,-95.3475,29.76167
877,UNDER 5000SF,661.8927323,,0,COMMUNITY,X1,-95.3697,29.76581
879,,72773.34314,COMMERCIAL,0,COMMUNITY,X1,-95.3544,29.76971
886,UNDER 5000SF,1333.762467,,0,COMMUNITY,X1,-95.3766,29.76173
897,,8184.812882,,0,COMMUNITY,X1,-95.3702,29.76573
905,UNDER 5000SF,4847.611595,,0,COMMUNITY,X1,-95.3482,29.76416
924,,59196.88913,,0,COMMUNITY,X1,-95.3705,29.76639
928,,7095.337454,,0,COMMUNITY,X1,-95.3765,29.75899
942,UNDER 5000SF,340.8718498,,0,COMMUNITY,X1,-95.3693,29.7653
945,UNDER 5000SF,598.8927049,,0,COMMUNITY,X1,-95.3699,29.76506
948,UNDER 5000SF,3087.71066,,0,COMMUNITY,X1,-95.3765,29.76284
950,UNDER 5000SF,4450.484669,,0,COMMUNITY,X1,-95.3484,29.76275
976,UNDER 5000SF,1898.009858,,0,COMMUNITY,X1,-95.353,29.7704
993,,23995.68049,,0,COMMUNITY,X1,-95.3691,29.76511
1003,,6536.58314,,0,COMMUNITY,X1,-95.3473,29.76238
1005,UNDER 5000SF,4793.312035,,0,COMMUNITY,X1,-95.3482,29.76183
1015,,25270.62022,COMMERCIAL,0,COMMUNITY,X1,-95.359,29.74753
1048,,7677.29545,,0,COMMUNITY,X1,-95.3774,29.75831
1051,UNDER 5000SF,4317.19074,,0,COMMUNITY,X1,-95.3475,29.76302
1052,UNDER 5000SF,4490.433441,,0,COMMUNITY,X1,-95.348,29.76226
1053,UNDER 5000SF,4720.948157,,0,COMMUNITY,X1,-95.3481,29.76205
1091,,56594.81771,,0,COMMUNITY,X1,-95.3699,29.7675
1092,,5243.229797,,0,COMMUNITY,X1,-95.3698,29.76552
1097,,6414.361726,,0,COMMUNITY,X1,-95.3777,29.75896
1102,UNDER 5000SF,4737.893596,,0,COMMUNITY,X1,-95.3477,29.76368
1104,,338102.2542,,0,COMMUNITY,X1,-95.3523,29.75211
1120,UNDER 5000SF,3930.081232,,0,COMMUNITY,X1,-95.3768,29.75888
1168,UNDER 5000SF,3759.254538,,0,COMMUNITY,X1,-95.3765,29.75823
1172,UNDER 5000SF,4837.977797,,0,COMMUNITY,X1,-95.3482,29.76291
1173,UNDER 5000SF,4371.601513,,0,COMMUNITY,X1,-95.3483,29.76163
1190,,5667.452729,,0,COMMUNITY,X1,-95.3776,29.75963
1213,,37449.92507,COMMERCIAL,0,COMMUNITY,X1,-95.3684,29.76701
1220,,38711.1658,MULTIFAMILY,0,COMMUNITY,X1,-95.3529,29.75356
1244,,5332.674738,,0,COMMUNITY,X1,-95.3773,29.76302
1262,,40565.87433,,0,COMMUNITY,X1,-95.3714,29.76561
1264,,24616.88926,,0,COMMUNITY,X1,-95.375,29.763
1273,UNDER 5000SF,4490.737406,,0,COMMUNITY,X1,-95.3489,29.76322
1279,,82310.03344,COMMERCIAL,0,COMMUNITY,X1,-95.3577,29.76912
1292,,38624.80192,,0,COMMUNITY,X1,-95.3689,29.7445
1300,,9111.7758,,0,COMMUNITY,X1,-95.3492,29.77077
1326,UNDER 5000SF,4759.34301,,0,COMMUNITY,X1,-95.3483,29.76398
1359,,89766.92724,MULTIFAMILY,0,COMMUNITY,X1,-95.3747,29.76242
1360,UNDER 5000SF,452.4667891,,0,COMMUNITY,X1,-95.3763,29.76313
1361,UNDER 5000SF,3006.711277,,0,COMMUNITY,X1,-95.3774,29.75862
1364,UNDER 5000SF,230.7360654,,0,COMMUNITY,X1,-95.3481,29.76213
1366,UNDER 5000SF,4383.15568,,0,COMMUNITY,X1,-95.3478,29.7613
1367,UNDER 5000SF,4497.95448,,0,COMMUNITY,X1,-95.3481,29.76311
697,,36351.09812,,2,COMMUNITY,X2,-95.3513,29.76072
909,,7258.115568,,2,COMMUNITY,X2,-95.3574,29.75891
932,UNDER 5000SF,404.9296936,,2,COMMUNITY,X2,-95.3508,29.76162
981,,9866.542503,COMMERCIAL,2,COMMUNITY,X2,-95.3571,29.75981
1302,,11056.03956,,2,COMMUNITY,X2,-95.3508,29.76179
1371,,24843.36331,COMMERCIAL,2,COMMUNITY,X2,-95.3539,29.75868
486,,57776.22855,,7,COMMUNITY,X2,-95.3648,29.75303
838,,6894.978092,,10,COMMUNITY,X2,-95.3596,29.7585
284,,7948.802071,,11,COMMUNITY,X2,-95.3639,29.76763
1087,,26608.24891,,11,COMMUNITY,X2,-95.3642,29.76377
132,UNDER 5000SF,4725.77987,COMMERCIAL,0,COMMUNITY,X2,-95.3647,29.74488
221,,15352.41649,,0,COMMUNITY,X2,-95.3513,29.75704
230,UNDER 5000SF,3007.110578,COMMERCIAL,0,COMMUNITY,X2,-95.3649,29.74504
233,UNDER 5000SF,2278.357976,,0,COMMUNITY,X2,-95.3697,29.74571
566,,21781.70741,COMMERCIAL,0,COMMUNITY,X2,-95.3694,29.74575
848,UNDER 5000SF,1063.109574,,0,COMMUNITY,X2,-95.3687,29.76616
1027,UNDER 5000SF,4076.751255,MULTIFAMILY,0,COMMUNITY,X2,-95.3748,29.7474
1110,,7904.900091,,0,COMMUNITY,X2,-95.365,29.74518
1125,UNDER 5000SF,1818.745264,,0,COMMUNITY,X2,-95.3517,29.75705
1259,,7998.060319,,0,COMMUNITY,X2,-95.3687,29.76633
1320,,9356.081877,COMMERCIAL,0,COMMUNITY,X2,-95.3716,29.74583
190,UNDER 5000SF,2401.545856,,3,COMMUNITY,X3,-95.3569,29.75631
1129,,8957.665657,,3,COMMUNITY,X3,-95.3573,29.7564
1287,,21196.08605,,4,COMMUNITY,X3,-95.3635,29.74688
231,UNDER 5000SF,1643.733264,,5,COMMUNITY,X3,-95.3669,29.75011
804,UNDER 5000SF,3583.131141,,5,COMMUNITY,X3,-95.3693,29.74895
826,UNDER 5000SF,1093.509182,,5,COMMUNITY,X3,-95.368,29.75056
893,,13162.92841,,5,COMMUNITY,X3,-95.3679,29.7504
919,,25167.20767,,5,COMMUNITY,X3,-95.3673,29.75012
1093,,9881.020123,,5,COMMUNITY,X3,-95.3695,29.74911
1214,,7289.761978,,5,COMMUNITY,X3,-95.3691,29.74882
1318,,27376.22143,,5,COMMUNITY,X3,-95.3687,29.7499
824,,5407.564131,,6,COMMUNITY,X3,-95.3648,29.75106
1409,,8075.246431,,6,COMMUNITY,X3,-95.3721,29.75624
839,,44773.71274,COMMERCIAL,10,COMMUNITY,X3,-95.3609,29.75961
1060,,45866.37674,,10,COMMUNITY,X3,-95.36,29.75909
1386,,13386.15967,COMMERCIAL,11,COMMUNITY,X3,-95.3606,29.76297
199,UNDER 5000SF,3514.849791,,0,COMMUNITY,X3,-95.3669,29.76954
255,UNDER 5000SF,4063.854021,,0,COMMUNITY,X3,-95.3623,29.74231
291,UNDER 5000SF,838.7858907,,0,COMMUNITY,X3,-95.3715,29.76628
383,UNDER 5000SF,3818.473927,,0,COMMUNITY,X3,-95.362,29.74227
407,,5650.563784,,0,COMMUNITY,X3,-95.3732,29.76559
604,,8429.909801,,0,COMMUNITY,X3,-95.3607,29.74189
619,,18696.83797,COMMERCIAL,0,COMMUNITY,X3,-95.372,29.74538
739,,10308.8427,,0,COMMUNITY,X3,-95.3684,29.74231
746,,5631.970476,,0,COMMUNITY,X3,-95.3731,29.76586
783,UNDER 5000SF,1313.05181,,0,COMMUNITY,X3,-95.3736,29.76597
806,,35542.49445,,0,COMMUNITY,X3,-95.3717,29.76655
872,,31338.63879,,0,COMMUNITY,X3,-95.3672,29.76866
888,,6368.065081,,0,COMMUNITY,X3,-95.3614,29.73983
989,,22245.71863,,0,COMMUNITY,X3,-95.3656,29.74556
992,UNDER 5000SF,2045.231333,,0,COMMUNITY,X3,-95.3681,29.74219
1025,UNDER 5000SF,2355.335286,,0,COMMUNITY,X3,-95.3734,29.76596
1054,UNDER 5000SF,4261.471717,,0,COMMUNITY,X3,-95.3515,29.75707
1070,UNDER 5000SF,1596.170065,,0,COMMUNITY,X3,-95.3733,29.76581
1254,UNDER 5000SF,558.16898,,0,COMMUNITY,X3,-95.3606,29.74203
1296,UNDER 5000SF,4654.940418,,0,COMMUNITY,X3,-95.3728,29.76586
1315,UNDER 5000SF,3277.849402,,0,COMMUNITY,X3,-95.368,29.74229
451,,61638.68756,,5,COMMUNITY,XI,-95.3707,29.75214
935,,30297.29192,,3,COMMUNITY,XJ,-95.3574,29.75605
1013,,17023.63711,MULTIFAMILY,1,COMMUNITY,Z4,-95.3569,29.76664
299,,12183.73762,MULTIFAMILY,0,COMMUNITY,Z4,-95.3773,29.75374
350,UNDER 5000SF,2237.97103,,0,COMMUNITY,Z4,-95.368,29.74268
450,UNDER 5000SF,913.0762241,,0,COMMUNITY,Z4,-95.368,29.74292
564,,5318.427959,,0,COMMUNITY,Z4,-95.3681,29.74295
579,,21519.47771,COMMERCIAL,0,COMMUNITY,Z4,-95.3541,29.75099
645,,5524.523539,,0,COMMUNITY,Z4,-95.3676,29.74266
678,,7547.180454,,0,COMMUNITY,Z4,-95.3658,29.74345
681,,17543.41284,,0,COMMUNITY,Z4,-95.3676,29.74312
1194,UNDER 5000SF,808.6949734,COMMERCIAL,0,COMMUNITY,Z4,-95.3546,29.74834
1335,UNDER 5000SF,3152.177213,,0,COMMUNITY,Z4,-95.3658,29.74354
1402,UNDER 5000SF,4358.900548,,0,COMMUNITY,Z4,-95.3678,29.74284
1403,,8695.322132,,0,COMMUNITY,Z4,-95.3681,29.74252
994,UNDER 5000SF,4740.759531,,5,COMMUNITY,Z5,-95.3694,29.75164
538,,26378.52041,COMMERCIAL,7,COMMUNITY,Z5,-95.3636,29.75339
962,,29982.53928,COMMERCIAL,7,COMMUNITY,Z5,-95.3628,29.75404
966,,64395.46906,COMMERCIAL,8,COMMUNITY,Z5,-95.3651,29.7576
384,,64421.00482,COMMERCIAL,9,COMMUNITY,Z5,-95.363,29.75856
277,,21882.40134,COMMERCIAL,11,COMMUNITY,Z5,-95.3615,29.76331
703,,65742.83943,COMMERCIAL,11,COMMUNITY,Z5,-95.36,29.76237
274,,22754.39178,,0,COMMUNITY,Z5,-95.3508,29.75344
766,,36816.56255,COMMERCIAL,0,COMMUNITY,Z5,-95.3761,29.75333
925,,25112.55523,COMMERCIAL,0,COMMUNITY,Z5,-95.3717,29.7492
430,,17037.76371,,1,UNCLASSED,,-95.351,29.76807
908,,12495.22375,COMMERCIAL,1,UNCLASSED,,-95.3515,29.76787
661,UNDER 5000SF,3120.146521,,5,UNCLASSED,,-95.3731,29.75307
874,UNDER 5000SF,1482.169689,,9,UNCLASSED,,-95.3677,29.7613
139,,5364.23846,,0,UNCLASSED,,-95.3783,29.75966
362,,11402.04524,,0,UNCLASSED,,-95.3783,29.7588
546,,47297.38752,COMMERCIAL,0,UNCLASSED,,-95.373,29.74913
596,,5725.337342,,0,UNCLASSED,,-95.3783,29.75942
666,UNDER 5000SF,780.673147,COMMERCIAL,0,UNCLASSED,,-95.3562,29.74528
752,,7228.954108,,0,UNCLASSED,,-95.3784,29.76005
906,UNDER 5000SF,1555.44242,COMMERCIAL,0,UNCLASSED,,-95.3487,29.75782
1004,,100972.6755,COMMERCIAL,0,UNCLASSED,,-95.3474,29.77212
1029,UNDER 5000SF,1531.75942,,0,UNCLASSED,,-95.3767,29.76339
1246,,5561.02149,,0,UNCLASSED,,-95.3783,29.75917
1362,UNDER 5000SF,838.1455148,,0,UNCLASSED,,-95.3781,29.75994
