BLDG_ID,SqFt_per1k,SqFt_est,sectorid,POS_StateClass,POS_StateClassCd,longitude,latitude
317,1.777219873,1777.219873,1,RESIDENTIAL,A1,-95.3526,29.76921
630,2.179123515,2179.123515,1,RESIDENTIAL,A1,-95.3526,29.76901
1132,2.127308579,2127.308579,1,RESIDENTIAL,A1,-95.3525,29.76926
1277,4.427082666,4427.082666,1,RESIDENTIAL,A1,-95.3545,29.76754
1328,1.467869286,1467.869286,1,RESIDENTIAL,A1,-95.3526,29.76871
104,2.055730553,2055.730553,0,RESIDENTIAL,A1,-95.3547,29.75101
106,1.161073648,1161.073648,0,RESIDENTIAL,A1,-95.3582,29.7411
109,4.141999701,4141.999701,0,RESIDENTIAL,A1,-95.3611,29.74071
110,1.776178483,1776.178483,0,RESIDENTIAL,A1,-95.3614,29.73946
111,5.530625253,5530.625253,0,RESIDENTIAL,A1,-95.3466,29.76002
112,1.768930767,1768.930767,0,RESIDENTIAL,A1,-95.3624,29.74142
114,5.893511559,5893.511559,0,RESIDENTIAL,A1,-95.3636,29.74076
119,1.998900457,1998.900457,0,RESIDENTIAL,A1,-95.3672,29.74168
121,2.020478015,2020.478015,0,RESIDENTIAL,A1,-95.3677,29.74198
128,2.722250647,2722.250647,0,RESIDENTIAL,A1,-95.3618,29.73901
130,1.912601578,1912.601578,0,RESIDENTIAL,A1,-95.3642,29.7398
131,4.87020259,4870.20259,0,RESIDENTIAL,A1,-95.3764,29.75623
133,12.84751197,12847.51197,0,RESIDENTIAL,A1,-95.3774,29.75684
134,3.474948317,3474.948317,0,RESIDENTIAL,A1,-95.366,29.74169
137,6.635677477,6635.677477,0,RESIDENTIAL,A1,-95.3781,29.75486
138,0.809846903,809.8469026,0,RESIDENTIAL,A1,-95.3784,29.75591
141,1.117977873,1117.977873,0,RESIDENTIAL,A1,-95.3697,29.74512
148,0.366353055,366.3530545,0,RESIDENTIAL,A1,-95.3779,29.75497
150,0.826916426,826.9164258,0,RESIDENTIAL,A1,-95.3785,29.75718
151,3.08831498,3088.31498,0,RESIDENTIAL,A1,-95.3785,29.75621
153,0.785980719,785.9807194,0,RESIDENTIAL,A1,-95.3578,29.74548
154,1.967557536,1967.557536,0,RESIDENTIAL,A1,-95.3578,29.74802
157,2.250233175,2250.233175,0,RESIDENTIAL,A1,-95.3617,29.74142
158,1.4652797,1465.2797,0,RESIDENTIAL,A1,-95.3634,29.74005
169,1.024561641,1024.561641,0,RESIDENTIAL,A1,-95.3556,29.74381
171,4.150045853,4150.045853,0,RESIDENTIAL,A1,-95.3562,29.74438
172,1.255083134,1255.083134,0,RESIDENTIAL,A1,-95.3578,29.74115
174,1.972921333,1972.921333,0,RESIDENTIAL,A1,-95.3617,29.74218
175,2.260277684,2260.277684,0,RESIDENTIAL,A1,-95.3619,29.74129
176,0.546747508,546.7475082,0,RESIDENTIAL,A1,-95.364,29.74108
178,1.734039492,1734.039492,0,RESIDENTIAL,A1,-95.367,29.74345
179,1.769704717,1769.704717,0,RESIDENTIAL,A1,-95.3673,29.74005
189,0.974696374,974.6963742,0,RESIDENTIAL,A1,-95.3564,29.74432
191,2.133860319,2133.860319,0,RESIDENTIAL,A1,-95.3585,29.74005
195,1.014495987,1014.495987,0,RESIDENTIAL,A1,-95.361,29.74044
196,1.874973808,1874.973808,0,RESIDENTIAL,A1,-95.363,29.73981
198,1.209482039,1209.482039,0,RESIDENTIAL,A1,-95.3664,29.74199
200,2.231178335,2231.178335,0,RESIDENTIAL,A1,-95.3672,29.7419
203,0.857540315,857.5403151,0,RESIDENTIAL,A1,-95.3696,29.74525
204,3.016714103,3016.714103,0,RESIDENTIAL,A1,-95.37,29.74618
205,2.82055439,2820.55439,0,RESIDENTIAL,A1,-95.37,29.74453
215,4.732810382,4732.810382,0,RESIDENTIAL,A1,-95.3772,29.75632
216,0.869214123,869.2141231,0,RESIDENTIAL,A1,-95.3779,29.75686
217,3.437629844,3437.629844,0,RESIDENTIAL,A1,-95.378,29.75656
225,0.968379975,968.3799749,0,RESIDENTIAL,A1,-95.3576,29.74099
229,1.795262515,1795.262515,0,RESIDENTIAL,A1,-95.3618,29.74051
232,0.958178358,958.1783578,0,RESIDENTIAL,A1,-95.3674,29.77039
240,5.479600115,5479.600115,0,RESIDENTIAL,A1,-95.3776,29.75606
242,3.258380592,3258.380592,0,RESIDENTIAL,A1,-95.346,29.76106
247,2.008849475,2008.849475,0,RESIDENTIAL,A1,-95.3562,29.7464
249,1.249949576,1249.949576,0,RESIDENTIAL,A1,-95.3577,29.74093
256,1.750016393,1750.016393,0,RESIDENTIAL,A1,-95.3624,29.74057
259,0.934212322,934.2123219,0,RESIDENTIAL,A1,-95.3631,29.74133
260,0.935839181,935.8391808,0,RESIDENTIAL,A1,-95.3635,29.74013
261,1.428462911,1428.462911,0,RESIDENTIAL,A1,-95.3635,29.73985
265,1.221029183,1221.029183,0,RESIDENTIAL,A1,-95.3677,29.77056
266,2.081181851,2081.181851,0,RESIDENTIAL,A1,-95.3689,29.74516
270,7.91881985,7918.81985,0,RESIDENTIAL,A1,-95.3765,29.75695
272,1.656610587,1656.610587,0,RESIDENTIAL,A1,-95.3481,29.75668
273,1.086120638,1086.120638,0,RESIDENTIAL,A1,-95.3485,29.75621
278,3.108445408,3108.445408,0,RESIDENTIAL,A1,-95.3621,29.73936
279,3.657383493,3657.383493,0,RESIDENTIAL,A1,-95.3619,29.73968
282,0.991342844,991.3428438,0,RESIDENTIAL,A1,-95.3626,29.74159
285,3.303729222,3303.729222,0,RESIDENTIAL,A1,-95.3648,29.74328
286,2.059191665,2059.191665,0,RESIDENTIAL,A1,-95.3669,29.74246
287,0.855246588,855.2465878,0,RESIDENTIAL,A1,-95.3673,29.77111
289,1.91664035,1916.64035,0,RESIDENTIAL,A1,-95.3676,29.77065
300,1.599907034,1599.907034,0,RESIDENTIAL,A1,-95.378,29.75559
301,5.431591758,5431.591758,0,RESIDENTIAL,A1,-95.3465,29.76042
311,3.248277051,3248.277051,0,RESIDENTIAL,A1,-95.3612,29.74126
319,1.174395657,1174.395657,0,RESIDENTIAL,A1,-95.3662,29.74189
328,0.678585891,678.5858909,0,RESIDENTIAL,A1,-95.3577,29.74556
329,1.334436343,1334.436343,0,RESIDENTIAL,A1,-95.3579,29.74103
330,2.847647726,2847.647726,0,RESIDENTIAL,A1,-95.358,29.74144
332,1.522851362,1522.851362,0,RESIDENTIAL,A1,-95.3728,29.76491
336,0.290286269,290.2862693,0,RESIDENTIAL,A1,-95.3642,29.73989
339,3.21700479,3217.00479,0,RESIDENTIAL,A1,-95.365,29.74289
341,0.755742931,755.742931,0,RESIDENTIAL,A1,-95.3581,29.74533
343,6.533097502,6533.097502,0,RESIDENTIAL,A1,-95.3662,29.74377
344,2.105604273,2105.604273,0,RESIDENTIAL,A1,-95.3661,29.74178
345,5.863108318,5863.108318,0,RESIDENTIAL,A1,-95.3782,29.75367
348,1.034789111,1034.789111,0,RESIDENTIAL,A1,-95.3671,29.77104
349,3.220167019,3220.167019,0,RESIDENTIAL,A1,-95.3672,29.74326
351,2.081418278,2081.418278,0,RESIDENTIAL,A1,-95.3619,29.73921
352,1.910464573,1910.464573,0,RESIDENTIAL,A1,-95.3625,29.73989
353,3.092316803,3092.316803,0,RESIDENTIAL,A1,-95.3661,29.74216
355,4.251325526,4251.325526,0,RESIDENTIAL,A1,-95.3673,29.74157
357,5.037343001,5037.343001,0,RESIDENTIAL,A1,-95.3768,29.75667
359,0.757097832,757.0978317,0,RESIDENTIAL,A1,-95.378,29.75719
367,0.866445616,866.4456159,0,RESIDENTIAL,A1,-95.3779,29.75673
368,0.776947103,776.9471025,0,RESIDENTIAL,A1,-95.3781,29.75719
369,0.744355109,744.3551085,0,RESIDENTIAL,A1,-95.3781,29.75592
379,0.726945228,726.9452278,0,RESIDENTIAL,A1,-95.358,29.74553
380,0.928095853,928.0958534,0,RESIDENTIAL,A1,-95.3579,29.74124
385,4.268380143,4268.380143,0,RESIDENTIAL,A1,-95.3628,29.74085
386,1.709450982,1709.450982,0,RESIDENTIAL,A1,-95.3636,29.74026
387,1.597834754,1597.834754,0,RESIDENTIAL,A1,-95.3557,29.74419
397,1.947158565,1947.158565,0,RESIDENTIAL,A1,-95.3623,29.74042
398,1.986183864,1986.183864,0,RESIDENTIAL,A1,-95.3626,29.73976
399,9.078220024,9078.220024,0,RESIDENTIAL,A1,-95.3632,29.74062
409,0.93971695,939.7169498,0,RESIDENTIAL,A1,-95.3676,29.77032
410,2.930937804,2930.937804,0,RESIDENTIAL,A1,-95.3679,29.74094
413,2.812292337,2812.292337,0,RESIDENTIAL,A1,-95.3759,29.75538
414,1.613556939,1613.556939,0,RESIDENTIAL,A1,-95.3763,29.76452
415,4.679078909,4679.078909,0,RESIDENTIAL,A1,-95.3772,29.75531
416,0.980582844,980.5828441,0,RESIDENTIAL,A1,-95.378,29.75634
422,3.257682591,3257.682591,0,RESIDENTIAL,A1,-95.3754,29.76486
423,2.200458129,2200.458129,0,RESIDENTIAL,A1,-95.376,29.76423
424,5.075043917,5075.043917,0,RESIDENTIAL,A1,-95.3762,29.75623
425,5.086620053,5086.620053,0,RESIDENTIAL,A1,-95.3764,29.75667
427,1.573429935,1573.429935,0,RESIDENTIAL,A1,-95.3779,29.75506
428,0.92628611,926.2861104,0,RESIDENTIAL,A1,-95.3781,29.75628
435,0.688464583,688.4645833,0,RESIDENTIAL,A1,-95.3566,29.74398
437,1.520567568,1520.567568,0,RESIDENTIAL,A1,-95.3578,29.74776
438,0.984876336,984.8763357,0,RESIDENTIAL,A1,-95.3578,29.7479
443,2.613762958,2613.762958,0,RESIDENTIAL,A1,-95.364,29.73862
444,2.18704378,2187.04378,0,RESIDENTIAL,A1,-95.3648,29.73857
445,4.715981767,4715.981767,0,RESIDENTIAL,A1,-95.365,29.73961
447,4.389229837,4389.229837,0,RESIDENTIAL,A1,-95.3651,29.74344
453,1.316269691,1316.269691,0,RESIDENTIAL,A1,-95.3768,29.75803
454,7.9884568,7988.4568,0,RESIDENTIAL,A1,-95.3771,29.75558
455,0.842975821,842.9758209,0,RESIDENTIAL,A1,-95.3782,29.75494
456,0.808686826,808.6868261,0,RESIDENTIAL,A1,-95.3782,29.75667
457,1.105928638,1105.928638,0,RESIDENTIAL,A1,-95.3783,29.75471
462,1.136894977,1136.894977,0,RESIDENTIAL,A1,-95.3581,29.74092
463,1.281630125,1281.630125,0,RESIDENTIAL,A1,-95.358,29.74113
464,2.937247969,2937.247969,0,RESIDENTIAL,A1,-95.3587,29.74025
465,3.316462663,3316.462663,0,RESIDENTIAL,A1,-95.3588,29.74034
471,1.934755904,1934.755904,0,RESIDENTIAL,A1,-95.3674,29.74015
472,2.883785225,2883.785225,0,RESIDENTIAL,A1,-95.3678,29.74105
475,4.850122443,4850.122443,0,RESIDENTIAL,A1,-95.3766,29.75623
476,4.636333209,4636.333209,0,RESIDENTIAL,A1,-95.3776,29.75632
477,0.744529883,744.5298829,0,RESIDENTIAL,A1,-95.3781,29.75569
480,1.321887104,1321.887104,0,RESIDENTIAL,A1,-95.3483,29.75645
483,1.065989234,1065.989234,0,RESIDENTIAL,A1,-95.356,29.74451
484,0.827991054,827.9910538,0,RESIDENTIAL,A1,-95.3579,29.7456
492,0.701831239,701.8312386,0,RESIDENTIAL,A1,-95.3758,29.75556
494,2.280156497,2280.156497,0,RESIDENTIAL,A1,-95.3783,29.75563
503,1.940100932,1940.100932,0,RESIDENTIAL,A1,-95.3615,29.74132
505,9.059932767,9059.932767,0,RESIDENTIAL,A1,-95.363,29.74054
507,3.054764167,3054.764167,0,RESIDENTIAL,A1,-95.365,29.74355
510,3.570649786,3570.649786,0,RESIDENTIAL,A1,-95.3676,29.74116
514,2.767573002,2767.573002,0,RESIDENTIAL,A1,-95.3698,29.74472
516,1.698924724,1698.924724,0,RESIDENTIAL,A1,-95.3708,29.74512
523,0.725313451,725.3134508,0,RESIDENTIAL,A1,-95.378,29.75592
524,1.075231017,1075.231017,0,RESIDENTIAL,A1,-95.3785,29.75469
534,3.650471801,3650.471801,0,RESIDENTIAL,A1,-95.3615,29.74092
535,1.796414179,1796.414179,0,RESIDENTIAL,A1,-95.362,29.74066
536,3.006462163,3006.462163,0,RESIDENTIAL,A1,-95.3627,29.74157
539,2.669514982,2669.514982,0,RESIDENTIAL,A1,-95.3638,29.73853
540,3.806208564,3806.208564,0,RESIDENTIAL,A1,-95.364,29.73845
548,1.4110137,1411.0137,0,RESIDENTIAL,A1,-95.358,29.74134
553,7.596747785,7596.747785,0,RESIDENTIAL,A1,-95.3765,29.75595
556,1.903541466,1903.541466,0,RESIDENTIAL,A1,-95.3624,29.73977
558,1.750347544,1750.347544,0,RESIDENTIAL,A1,-95.3626,29.74145
572,1.012543569,1012.543569,0,RESIDENTIAL,A1,-95.3768,29.75695
573,3.456170681,3456.170681,0,RESIDENTIAL,A1,-95.3771,29.756
574,1.577343959,1577.343959,0,RESIDENTIAL,A1,-95.3779,29.75569
586,1.134778065,1134.778065,0,RESIDENTIAL,A1,-95.3622,29.73927
588,2.041298003,2041.298003,0,RESIDENTIAL,A1,-95.3684,29.74554
589,1.823117404,1823.117404,0,RESIDENTIAL,A1,-95.3699,29.74484
594,0.977691904,977.6919041,0,RESIDENTIAL,A1,-95.3762,29.75695
595,0.749077374,749.0773738,0,RESIDENTIAL,A1,-95.3782,29.75719
599,1.293462625,1293.462625,0,RESIDENTIAL,A1,-95.3578,29.74098
606,1.988538746,1988.538746,0,RESIDENTIAL,A1,-95.3622,29.74034
614,0.932346624,932.3466241,0,RESIDENTIAL,A1,-95.3671,29.74341
620,1.194381808,1194.381808,0,RESIDENTIAL,A1,-95.3753,29.76501
621,3.562075284,3562.075284,0,RESIDENTIAL,A1,-95.3756,29.75538
622,5.098218096,5098.218096,0,RESIDENTIAL,A1,-95.3766,29.75667
623,0.951954778,951.9547782,0,RESIDENTIAL,A1,-95.3779,29.7572
624,2.557009125,2557.009125,0,RESIDENTIAL,A1,-95.378,29.75341
625,1.083405038,1083.405038,0,RESIDENTIAL,A1,-95.3783,29.75655
627,2.190422333,2190.422333,0,RESIDENTIAL,A1,-95.3786,29.75598
629,1.687193862,1687.193862,0,RESIDENTIAL,A1,-95.3487,29.75659
631,1.249140164,1249.140164,0,RESIDENTIAL,A1,-95.3576,29.74105
632,1.172676552,1172.676552,0,RESIDENTIAL,A1,-95.3579,29.74082
633,2.167391431,2167.391431,0,RESIDENTIAL,A1,-95.3582,29.74545
635,1.048816864,1048.816864,0,RESIDENTIAL,A1,-95.3608,29.7421
636,2.348311687,2348.311687,0,RESIDENTIAL,A1,-95.3613,29.74016
637,3.298597767,3298.597767,0,RESIDENTIAL,A1,-95.3624,29.74134
638,3.552210973,3552.210973,0,RESIDENTIAL,A1,-95.3625,29.74201
639,1.921895542,1921.895542,0,RESIDENTIAL,A1,-95.3624,29.73966
642,14.06770218,14067.70218,0,RESIDENTIAL,A1,-95.3653,29.73853
643,2.28565479,2285.65479,0,RESIDENTIAL,A1,-95.3673,29.74198
644,11.73994768,11739.94768,0,RESIDENTIAL,A1,-95.3676,29.74363
646,1.12387547,1123.87547,0,RESIDENTIAL,A1,-95.3677,29.77034
648,1.949782174,1949.782174,0,RESIDENTIAL,A1,-95.3699,29.74508
651,0.409686344,409.6863439,0,RESIDENTIAL,A1,-95.3783,29.75529
659,1.059971191,1059.971191,0,RESIDENTIAL,A1,-95.3701,29.74609
670,0.506286936,506.2869364,0,RESIDENTIAL,A1,-95.3619,29.74223
671,1.804262428,1804.262428,0,RESIDENTIAL,A1,-95.3623,29.74068
673,1.779106398,1779.106398,0,RESIDENTIAL,A1,-95.3626,29.74035
680,5.083738838,5083.738838,0,RESIDENTIAL,A1,-95.3669,29.74266
689,0.878780684,878.7806839,0,RESIDENTIAL,A1,-95.3759,29.76496
690,6.595837602,6595.837602,0,RESIDENTIAL,A1,-95.3759,29.75614
691,3.924000578,3924.000578,0,RESIDENTIAL,A1,-95.3769,29.75795
693,4.778730922,4778.730922,0,RESIDENTIAL,A1,-95.3776,29.7553
695,5.453813545,5453.813545,0,RESIDENTIAL,A1,-95.3463,29.76027
698,1.041519771,1041.519771,0,RESIDENTIAL,A1,-95.3561,29.74462
702,3.226223259,3226.223259,0,RESIDENTIAL,A1,-95.3594,29.74519
706,1.732826982,1732.826982,0,RESIDENTIAL,A1,-95.3628,29.74007
708,0.980780312,980.7803123,0,RESIDENTIAL,A1,-95.3663,29.74176
712,1.827021667,1827.021667,0,RESIDENTIAL,A1,-95.3701,29.74595
718,0.729805177,729.805177,0,RESIDENTIAL,A1,-95.3783,29.75719
728,1.674222935,1674.222935,0,RESIDENTIAL,A1,-95.358,29.74528
729,0.901089893,901.0898934,0,RESIDENTIAL,A1,-95.3582,29.74096
732,1.759718395,1759.718395,0,RESIDENTIAL,A1,-95.3627,29.74018
734,2.958632958,2958.632958,0,RESIDENTIAL,A1,-95.3631,29.74114
737,5.458250973,5458.250973,0,RESIDENTIAL,A1,-95.3653,29.74307
738,1.396534921,1396.534921,0,RESIDENTIAL,A1,-95.3677,29.77045
740,1.969285991,1969.285991,0,RESIDENTIAL,A1,-95.3695,29.74516
748,1.85414097,1854.14097,0,RESIDENTIAL,A1,-95.3751,29.76523
750,2.514203868,2514.203868,0,RESIDENTIAL,A1,-95.3779,29.75532
754,1.153282761,1153.282761,0,RESIDENTIAL,A1,-95.3577,29.7411
758,0.791336143,791.3361434,0,RESIDENTIAL,A1,-95.3625,29.73949
759,0.907665281,907.6652812,0,RESIDENTIAL,A1,-95.3631,29.74137
762,1.991797748,1991.797748,0,RESIDENTIAL,A1,-95.3675,29.74191
763,1.144353319,1144.353319,0,RESIDENTIAL,A1,-95.3697,29.74486
767,0.824099254,824.0992542,0,RESIDENTIAL,A1,-95.3783,29.75591
772,1.080577895,1080.577895,0,RESIDENTIAL,A1,-95.3581,29.7456
779,2.099950612,2099.950612,0,RESIDENTIAL,A1,-95.3675,29.74168
780,1.235415189,1235.415189,0,RESIDENTIAL,A1,-95.3696,29.745
785,0.694848071,694.8480705,0,RESIDENTIAL,A1,-95.3758,29.75574
786,1.932621251,1932.621251,0,RESIDENTIAL,A1,-95.3757,29.76455
788,0.335134446,335.1344455,0,RESIDENTIAL,A1,-95.3764,29.75545
790,4.726394021,4726.394021,0,RESIDENTIAL,A1,-95.3776,29.75657
791,0.745220676,745.220676,0,RESIDENTIAL,A1,-95.3781,29.75592
792,1.831387759,1831.387759,0,RESIDENTIAL,A1,-95.3782,29.7535
797,1.141162492,1141.162492,0,RESIDENTIAL,A1,-95.3579,29.7412
798,1.968047901,1968.047901,0,RESIDENTIAL,A1,-95.3609,29.74052
805,7.345377281,7345.377281,0,RESIDENTIAL,A1,-95.3695,29.74418
808,0.553421875,553.4218749,0,RESIDENTIAL,A1,-95.3785,29.75546
815,1.034486472,1034.486472,0,RESIDENTIAL,A1,-95.3565,29.74391
817,1.351573993,1351.573993,0,RESIDENTIAL,A1,-95.3575,29.7412
821,3.745120386,3745.120386,0,RESIDENTIAL,A1,-95.3616,29.74082
822,1.837274546,1837.274546,0,RESIDENTIAL,A1,-95.3619,29.74058
836,1.298191401,1298.191401,0,RESIDENTIAL,A1,-95.3576,29.74125
837,1.401952335,1401.952335,0,RESIDENTIAL,A1,-95.3578,29.7414
841,1.860249242,1860.249242,0,RESIDENTIAL,A1,-95.362,29.74026
842,1.808998589,1808.998589,0,RESIDENTIAL,A1,-95.3625,29.74046
844,0.888391114,888.3911144,0,RESIDENTIAL,A1,-95.3629,29.74125
852,1.159244964,1159.244964,0,RESIDENTIAL,A1,-95.376,29.76497
853,1.41784803,1417.84803,0,RESIDENTIAL,A1,-95.3761,29.76455
860,1.316331607,1316.331607,0,RESIDENTIAL,A1,-95.3557,29.74424
862,7.349741916,7349.741916,0,RESIDENTIAL,A1,-95.3604,29.74126
864,1.869469095,1869.469095,0,RESIDENTIAL,A1,-95.3641,29.74102
870,2.143114798,2143.114798,0,RESIDENTIAL,A1,-95.367,29.74182
871,5.703521054,5703.521054,0,RESIDENTIAL,A1,-95.3668,29.74296
873,2.039929268,2039.929268,0,RESIDENTIAL,A1,-95.3678,29.74183
875,4.019130142,4019.130142,0,RESIDENTIAL,A1,-95.3687,29.74522
883,7.696547289,7696.547289,0,RESIDENTIAL,A1,-95.3754,29.75551
884,0.775593897,775.5938971,0,RESIDENTIAL,A1,-95.3579,29.7454
889,1.920726038,1920.726038,0,RESIDENTIAL,A1,-95.3621,29.74048
891,1.437868394,1437.868394,0,RESIDENTIAL,A1,-95.3635,29.73995
892,2.651057764,2651.057764,0,RESIDENTIAL,A1,-95.3645,29.74035
894,4.077136204,4077.136204,0,RESIDENTIAL,A1,-95.3685,29.74498
900,2.131342952,2131.342952,0,RESIDENTIAL,A1,-95.3765,29.75563
901,5.130610935,5130.610935,0,RESIDENTIAL,A1,-95.3768,29.75623
903,5.476928296,5476.928296,0,RESIDENTIAL,A1,-95.3463,29.7607
911,0.490427576,490.427576,0,RESIDENTIAL,A1,-95.3583,29.73997
912,1.34442032,1344.42032,0,RESIDENTIAL,A1,-95.3583,29.74102
913,2.201298083,2201.298083,0,RESIDENTIAL,A1,-95.3617,29.74128
914,1.294465979,1294.465979,0,RESIDENTIAL,A1,-95.3621,29.73921
916,2.071688359,2071.688359,0,RESIDENTIAL,A1,-95.3634,29.74091
920,0.941265252,941.2652524,0,RESIDENTIAL,A1,-95.3672,29.73999
923,2.154476084,2154.476084,0,RESIDENTIAL,A1,-95.3698,29.74492
929,4.547634272,4547.634272,0,RESIDENTIAL,A1,-95.3772,29.75658
930,2.954521561,2954.521561,0,RESIDENTIAL,A1,-95.3774,29.75562
937,1.174524261,1174.524261,0,RESIDENTIAL,A1,-95.3607,29.74074
943,1.06725328,1067.25328,0,RESIDENTIAL,A1,-95.3696,29.74504
947,1.186020973,1186.020973,0,RESIDENTIAL,A1,-95.3759,29.76456
949,0.789064401,789.0644008,0,RESIDENTIAL,A1,-95.3784,29.75718
956,0.817428899,817.4288988,0,RESIDENTIAL,A1,-95.3578,29.7458
958,2.69407459,2694.07459,0,RESIDENTIAL,A1,-95.3616,29.7395
961,0.923132308,923.1323082,0,RESIDENTIAL,A1,-95.363,29.74129
964,7.17856554,7178.56554,0,RESIDENTIAL,A1,-95.3637,29.73973
965,4.203117221,4203.117221,0,RESIDENTIAL,A1,-95.3642,29.74066
970,0.647589587,647.5895874,0,RESIDENTIAL,A1,-95.375,29.76493
971,1.289298297,1289.298297,0,RESIDENTIAL,A1,-95.3757,29.75544
972,0.687117195,687.117195,0,RESIDENTIAL,A1,-95.3759,29.75556
974,0.827385148,827.385148,0,RESIDENTIAL,A1,-95.3486,29.7563
979,3.065513212,3065.513212,0,RESIDENTIAL,A1,-95.356,29.74304
983,1.364268289,1364.268289,0,RESIDENTIAL,A1,-95.3578,29.74135
984,1.282094931,1282.094931,0,RESIDENTIAL,A1,-95.3576,29.74088
985,3.841465905,3841.465905,0,RESIDENTIAL,A1,-95.3585,29.74165
987,1.058427584,1058.427584,0,RESIDENTIAL,A1,-95.362,29.73911
988,1.996801069,1996.801069,0,RESIDENTIAL,A1,-95.3628,29.73984
999,6.46322132,6463.22132,0,RESIDENTIAL,A1,-95.3768,29.7555
1001,0.881707116,881.7071156,0,RESIDENTIAL,A1,-95.3781,29.75344
1002,0.733902009,733.9020087,0,RESIDENTIAL,A1,-95.3785,29.75718
1014,0.718807107,718.8071072,0,RESIDENTIAL,A1,-95.3576,29.74572
1020,1.85680307,1856.80307,0,RESIDENTIAL,A1,-95.3615,29.73935
1021,1.832295475,1832.295475,0,RESIDENTIAL,A1,-95.3623,29.74147
1022,2.024772819,2024.772819,0,RESIDENTIAL,A1,-95.3645,29.74076
1023,2.20698014,2206.98014,0,RESIDENTIAL,A1,-95.3685,29.7454
1024,1.860168525,1860.168525,0,RESIDENTIAL,A1,-95.3701,29.7447
1030,0.739274178,739.2741778,0,RESIDENTIAL,A1,-95.3484,29.75636
1035,1.969719336,1969.719336,0,RESIDENTIAL,A1,-95.3609,29.74064
1038,2.198468889,2198.468889,0,RESIDENTIAL,A1,-95.365,29.73865
1041,5.628255818,5628.255818,0,RESIDENTIAL,A1,-95.3652,29.74319
1043,7.744499155,7744.499155,0,RESIDENTIAL,A1,-95.3664,29.74329
1049,0.744345898,744.3458976,0,RESIDENTIAL,A1,-95.3782,29.75719
1050,5.512593801,5512.593801,0,RESIDENTIAL,A1,-95.3461,29.76056
1058,0.768090069,768.0900692,0,RESIDENTIAL,A1,-95.3577,29.74564
1059,2.813365308,2813.365308,0,RESIDENTIAL,A1,-95.3586,29.74154
1061,1.84877576,1848.77576,0,RESIDENTIAL,A1,-95.3615,29.73965
1064,1.896210196,1896.210196,0,RESIDENTIAL,A1,-95.3623,29.73987
1065,3.28440585,3284.40585,0,RESIDENTIAL,A1,-95.3649,29.74299
1066,5.700762831,5700.762831,0,RESIDENTIAL,A1,-95.3664,29.74275
1067,0.956730791,956.7307906,0,RESIDENTIAL,A1,-95.3673,29.7401
1068,0.618996274,618.9962738,0,RESIDENTIAL,A1,-95.3676,29.77044
1069,2.083367969,2083.367969,0,RESIDENTIAL,A1,-95.3687,29.74549
1073,5.786951104,5786.951104,0,RESIDENTIAL,A1,-95.3766,29.75552
1074,0.916364361,916.3643609,0,RESIDENTIAL,A1,-95.3768,29.75595
1075,4.82527918,4825.27918,0,RESIDENTIAL,A1,-95.378,29.7569
1076,0.522262265,522.2622651,0,RESIDENTIAL,A1,-95.3781,29.75554
1080,2.662692981,2662.692981,0,RESIDENTIAL,A1,-95.3581,29.74121
1083,1.888298664,1888.298664,0,RESIDENTIAL,A1,-95.3621,29.74015
1084,3.336214486,3336.214486,0,RESIDENTIAL,A1,-95.3628,29.74166
1085,2.345994608,2345.994608,0,RESIDENTIAL,A1,-95.3643,29.74053
1088,1.96294569,1962.94569,0,RESIDENTIAL,A1,-95.3673,29.74176
1089,1.883464939,1883.464939,0,RESIDENTIAL,A1,-95.3685,29.74566
1098,0.723006977,723.0069769,0,RESIDENTIAL,A1,-95.3781,29.7557
1099,0.740100958,740.1009581,0,RESIDENTIAL,A1,-95.3785,29.75374
1100,2.749902676,2749.902676,0,RESIDENTIAL,A1,-95.3785,29.75374
1106,1.269918071,1269.918071,0,RESIDENTIAL,A1,-95.358,29.74087
1109,0.445064802,445.0648019,0,RESIDENTIAL,A1,-95.3646,29.74043
1111,5.668231383,5668.231383,0,RESIDENTIAL,A1,-95.3653,29.73932
1113,7.556344667,7556.344667,0,RESIDENTIAL,A1,-95.3673,29.7436
1114,4.258003733,4258.003733,0,RESIDENTIAL,A1,-95.3674,29.74335
1115,3.025979664,3025.979664,0,RESIDENTIAL,A1,-95.3684,29.74509
1119,1.296801021,1296.801021,0,RESIDENTIAL,A1,-95.3757,29.75533
1122,1.646687735,1646.687735,0,RESIDENTIAL,A1,-95.3482,29.75657
1128,1.159780838,1159.780838,0,RESIDENTIAL,A1,-95.356,29.74314
1131,1.771453534,1771.453534,0,RESIDENTIAL,A1,-95.3578,29.7457
1135,3.952237648,3952.237648,0,RESIDENTIAL,A1,-95.3609,29.74097
1136,1.061295659,1061.295659,0,RESIDENTIAL,A1,-95.3609,29.7408
1137,2.654110651,2654.110651,0,RESIDENTIAL,A1,-95.3612,29.74057
1138,1.878483904,1878.483904,0,RESIDENTIAL,A1,-95.3619,29.74037
1144,1.217057071,1217.057071,0,RESIDENTIAL,A1,-95.3578,29.74073
1145,3.310197932,3310.197932,0,RESIDENTIAL,A1,-95.3648,29.74311
1146,4.442500029,4442.500029,0,RESIDENTIAL,A1,-95.3652,29.74333
1150,3.56902934,3569.02934,0,RESIDENTIAL,A1,-95.3663,29.74295
1153,1.109721748,1109.721748,0,RESIDENTIAL,A1,-95.3612,29.74015
1154,0.986170926,986.1709264,0,RESIDENTIAL,A1,-95.3622,29.73931
1155,1.717083819,1717.083819,0,RESIDENTIAL,A1,-95.3684,29.7703
1157,0.988761602,988.7616018,0,RESIDENTIAL,A1,-95.364,29.73997
1160,1.892564062,1892.564062,0,RESIDENTIAL,A1,-95.3671,29.74355
1164,7.517094632,7517.094632,0,RESIDENTIAL,A1,-95.3777,29.75
1166,1.801521629,1801.521629,0,RESIDENTIAL,A1,-95.3749,29.76523
1167,2.410180787,2410.180787,0,RESIDENTIAL,A1,-95.3765,29.76452
1170,2.169644553,2169.644553,0,RESIDENTIAL,A1,-95.378,29.75622
1171,0.938703129,938.7031294,0,RESIDENTIAL,A1,-95.3782,29.75506
1177,1.312331672,1312.331672,0,RESIDENTIAL,A1,-95.3574,29.74115
1181,1.794781967,1794.781967,0,RESIDENTIAL,A1,-95.3623,29.74159
1182,1.934748338,1934.748338,0,RESIDENTIAL,A1,-95.3622,29.74055
1183,0.835605067,835.6050674,0,RESIDENTIAL,A1,-95.3637,29.73895
1184,1.134425544,1134.425544,0,RESIDENTIAL,A1,-95.3641,29.73983
1189,5.16200816,5162.00816,0,RESIDENTIAL,A1,-95.3772,29.75608
1191,5.202829587,5202.829587,0,RESIDENTIAL,A1,-95.3776,29.75556
1192,0.862182442,862.1824416,0,RESIDENTIAL,A1,-95.3779,29.75593
1193,0.973558829,973.5588294,0,RESIDENTIAL,A1,-95.3786,29.7547
1195,3.871301462,3871.301462,0,RESIDENTIAL,A1,-95.356,29.74471
1196,0.994397611,994.3976105,0,RESIDENTIAL,A1,-95.3576,29.74793
1197,1.265244747,1265.244747,0,RESIDENTIAL,A1,-95.3578,29.74077
1198,1.73633236,1736.33236,0,RESIDENTIAL,A1,-95.358,29.74776
1199,1.312159517,1312.159517,0,RESIDENTIAL,A1,-95.358,29.74108
1200,2.049090814,2049.090814,0,RESIDENTIAL,A1,-95.3581,29.74543
1204,3.857705168,3857.705168,0,RESIDENTIAL,A1,-95.3614,29.74104
1205,0.894234702,894.2347022,0,RESIDENTIAL,A1,-95.3618,29.73955
1206,1.793397909,1793.397909,0,RESIDENTIAL,A1,-95.3623,29.74153
1207,0.899991137,899.991137,0,RESIDENTIAL,A1,-95.3633,29.74122
1209,0.560481709,560.4817086,0,RESIDENTIAL,A1,-95.364,29.74124
1210,1.88768475,1887.68475,0,RESIDENTIAL,A1,-95.3656,29.73902
1212,2.112356703,2112.356703,0,RESIDENTIAL,A1,-95.3676,29.74176
1215,3.519709208,3519.709208,0,RESIDENTIAL,A1,-95.3692,29.74401
1218,2.294582061,2294.582061,0,RESIDENTIAL,A1,-95.3786,29.75563
1229,5.190565994,5190.565994,0,RESIDENTIAL,A1,-95.3614,29.74024
1231,1.855002613,1855.002613,0,RESIDENTIAL,A1,-95.3622,29.73998
1232,5.893401956,5893.401956,0,RESIDENTIAL,A1,-95.3634,29.74066
1234,5.887864182,5887.864182,0,RESIDENTIAL,A1,-95.3661,29.74362
1235,3.13971093,3139.71093,0,RESIDENTIAL,A1,-95.3665,29.74169
1236,3.4267525,3426.7525,0,RESIDENTIAL,A1,-95.3669,29.74365
1237,1.9579235,1957.9235,0,RESIDENTIAL,A1,-95.3674,29.74183
1239,2.27653502,2276.53502,0,RESIDENTIAL,A1,-95.3674,29.74205
1241,1.02132419,1021.32419,0,RESIDENTIAL,A1,-95.3761,29.75595
1242,5.20577355,5205.77355,0,RESIDENTIAL,A1,-95.3762,29.75667
1243,1.975202341,1975.202341,0,RESIDENTIAL,A1,-95.3764,29.76452
1245,1.824404362,1824.404362,0,RESIDENTIAL,A1,-95.3784,29.75357
1253,0.842113421,842.1134212,0,RESIDENTIAL,A1,-95.3587,29.74053
1255,2.429548844,2429.548844,0,RESIDENTIAL,A1,-95.3627,29.74099
1257,2.030863188,2030.863188,0,RESIDENTIAL,A1,-95.3675,29.74212
1258,2.070855499,2070.855499,0,RESIDENTIAL,A1,-95.368,29.77064
1265,0.735586353,735.5863527,0,RESIDENTIAL,A1,-95.3758,29.75565
1267,1.796617271,1796.617271,0,RESIDENTIAL,A1,-95.3765,29.75538
1268,0.750359765,750.3597647,0,RESIDENTIAL,A1,-95.3783,29.75542
1269,0.874415386,874.4153863,0,RESIDENTIAL,A1,-95.3785,29.75591
1270,0.750346739,750.3467385,0,RESIDENTIAL,A1,-95.3786,29.7572
1271,1.483285848,1483.285848,0,RESIDENTIAL,A1,-95.3485,29.75595
1280,2.359792616,2359.792616,0,RESIDENTIAL,A1,-95.3572,29.74031
1285,1.853681318,1853.681318,0,RESIDENTIAL,A1,-95.3628,29.73965
1286,6.30691577,6306.91577,0,RESIDENTIAL,A1,-95.3634,29.73849
1288,1.954878389,1954.878389,0,RESIDENTIAL,A1,-95.3638,29.74113
1291,0.627592635,627.5926346,0,RESIDENTIAL,A1,-95.3675,29.77044
1299,0.76558948,765.5894798,0,RESIDENTIAL,A1,-95.3782,29.75591
1308,2.0648593,2064.8593,0,RESIDENTIAL,A1,-95.3623,29.74186
1310,1.956858473,1956.858473,0,RESIDENTIAL,A1,-95.364,29.74019
1322,0.694502474,694.502474,0,RESIDENTIAL,A1,-95.3759,29.75565
1323,3.994702657,3994.702657,0,RESIDENTIAL,A1,-95.3775,29.756
1324,2.952617272,2952.617272,0,RESIDENTIAL,A1,-95.3775,29.75562
1325,0.866214234,866.2142336,0,RESIDENTIAL,A1,-95.3779,29.75679
1331,1.023342254,1023.342254,0,RESIDENTIAL,A1,-95.3562,29.74456
1333,2.475655076,2475.655076,0,RESIDENTIAL,A1,-95.3619,29.74117
1341,0.673786824,673.786824,0,RESIDENTIAL,A1,-95.3759,29.75574
1344,1.210268737,1210.268737,0,RESIDENTIAL,A1,-95.3779,29.75354
1345,2.354080076,2354.080076,0,RESIDENTIAL,A1,-95.3786,29.75532
1349,0.572720384,572.7203841,0,RESIDENTIAL,A1,-95.3572,29.74051
1351,1.44443477,1444.43477,0,RESIDENTIAL,A1,-95.3623,29.74085
1352,1.825974375,1825.974375,0,RESIDENTIAL,A1,-95.3629,29.73996
1353,1.359790774,1359.790774,0,RESIDENTIAL,A1,-95.3638,29.73955
1354,2.405513404,2405.513404,0,RESIDENTIAL,A1,-95.3643,29.73972
1355,11.00038392,11000.38392,0,RESIDENTIAL,A1,-95.3653,29.73956
1357,3.464717125,3464.717125,0,RESIDENTIAL,A1,-95.3693,29.74388
1363,1.097965675,1097.965675,0,RESIDENTIAL,A1,-95.3782,29.75471
1374,1.80775292,1807.75292,0,RESIDENTIAL,A1,-95.3565,29.74563
1375,1.978139713,1978.139713,0,RESIDENTIAL,A1,-95.3556,29.7439
1376,1.352842316,1352.842316,0,RESIDENTIAL,A1,-95.3577,29.7413
1380,3.299747199,3299.747199,0,RESIDENTIAL,A1,-95.3595,29.74507
1381,1.056519384,1056.519384,0,RESIDENTIAL,A1,-95.36,29.73947
1384,2.652948151,2652.948151,0,RESIDENTIAL,A1,-95.3607,29.74089
1385,1.881327018,1881.327018,0,RESIDENTIAL,A1,-95.3602,29.73953
1387,1.738771017,1738.771017,0,RESIDENTIAL,A1,-95.3611,29.74008
1389,3.516967827,3516.967827,0,RESIDENTIAL,A1,-95.3616,29.74149
1390,1.821130826,1821.130826,0,RESIDENTIAL,A1,-95.3629,29.73973
1392,1.352519139,1352.519139,0,RESIDENTIAL,A1,-95.3627,29.73955
1393,1.988949905,1988.949905,0,RESIDENTIAL,A1,-95.3627,29.73997
1394,5.297472549,5297.472549,0,RESIDENTIAL,A1,-95.3635,29.73862
1395,1.277380348,1277.380348,0,RESIDENTIAL,A1,-95.3639,29.73946
1398,1.55931382,1559.31382,0,RESIDENTIAL,A1,-95.3666,29.74232
1399,1.167065901,1167.065901,0,RESIDENTIAL,A1,-95.3663,29.74194
1400,1.13400112,1134.00112,0,RESIDENTIAL,A1,-95.3662,29.74168
1413,0.772867266,772.867266,0,RESIDENTIAL,A1,-95.3783,29.75494
1414,3.135359697,3135.359697,0,RESIDENTIAL,A1,-95.3784,29.75563
609,0.423425506,423.4255059,0,RESIDENTIAL,A3,-95.364,29.73989
123,1.571235171,1571.235171,1,RESIDENTIAL,B1,-95.3572,29.76646
188,36.23189574,36231.89574,1,RESIDENTIAL,B1,-95.3539,29.76787
814,20.69004521,20690.04521,1,RESIDENTIAL,B1,-95.3539,29.76717
816,1.707565865,1707.565865,1,RESIDENTIAL,B1,-95.3573,29.76676
952,4.86499196,4864.99196,1,RESIDENTIAL,B1,-95.3537,29.76751
431,30.03416253,30034.16253,2,RESIDENTIAL,B1,-95.3529,29.7604
578,13.26147593,13261.47593,2,RESIDENTIAL,B1,-95.3525,29.76029
933,2.553613932,2553.613932,2,RESIDENTIAL,B1,-95.3546,29.75997
1283,59.40015393,59400.15393,2,RESIDENTIAL,B1,-95.3583,29.75804
1304,36.35909788,36359.09788,2,RESIDENTIAL,B1,-95.3542,29.76013
1329,43.5532184,43553.2184,2,RESIDENTIAL,B1,-95.3538,29.76075
1378,114.0743405,114074.3405,2,RESIDENTIAL,B1,-95.3572,29.75787
757,61.76683509,61766.83509,3,RESIDENTIAL,B1,-95.359,29.75723
640,47.63537017,47635.37017,4,RESIDENTIAL,B1,-95.3632,29.74553
1208,57.20164065,57201.64065,4,RESIDENTIAL,B1,-95.3643,29.7505
565,59.23539868,59235.39868,5,RESIDENTIAL,B1,-95.3678,29.7493
1312,58.5361593,58536.1593,5,RESIDENTIAL,B1,-95.3664,29.74954
513,32.96812168,32968.12168,6,RESIDENTIAL,B1,-95.3676,29.75145
803,60.98498586,60984.98586,6,RESIDENTIAL,B1,-95.3678,29.75258
1045,14.85073618,14850.73618,6,RESIDENTIAL,B1,-95.3685,29.75204
1086,5.37309482,5373.09482,6,RESIDENTIAL,B1,-95.3645,29.75143
1141,5.442620497,5442.620497,6,RESIDENTIAL,B1,-95.3644,29.75159
1240,29.64569763,29645.69763,6,RESIDENTIAL,B1,-95.3682,29.75175
441,65.46445985,65464.45985,9,RESIDENTIAL,B1,-95.3621,29.75802
258,55.96696569,55966.96569,10,RESIDENTIAL,B1,-95.3621,29.7614
280,71.56605733,71566.05733,10,RESIDENTIAL,B1,-95.3627,29.76061
388,50.21539796,50215.39796,10,RESIDENTIAL,B1,-95.3639,29.7624
674,62.87277071,62872.77071,11,RESIDENTIAL,B1,-95.3632,29.76318
102,149.53357,149533.57,0,RESIDENTIAL,B1,-95.3524,29.77299
115,9.955135553,9955.135553,0,RESIDENTIAL,B1,-95.3504,29.7566
136,1.653207717,1653.207717,0,RESIDENTIAL,B1,-95.3661,29.7423
144,29.2355758,29235.5758,0,RESIDENTIAL,B1,-95.3743,29.74757
145,2.185470879,2185.470879,0,RESIDENTIAL,B1,-95.3744,29.74736
146,29.80944902,29809.44902,0,RESIDENTIAL,B1,-95.3755,29.75616
183,30.50916744,30509.16744,0,RESIDENTIAL,B1,-95.3757,29.75491
218,68.7799399,68779.9399,0,RESIDENTIAL,B1,-95.3782,29.75228
262,2.215198122,2215.198122,0,RESIDENTIAL,B1,-95.365,29.74432
318,3.387306137,3387.306137,0,RESIDENTIAL,B1,-95.3656,29.74285
356,58.73061602,58730.61602,0,RESIDENTIAL,B1,-95.3762,29.74996
363,8.149766649,8149.766649,0,RESIDENTIAL,B1,-95.374,29.74793
364,8.070552502,8070.552502,0,RESIDENTIAL,B1,-95.3749,29.74845
378,81.62059865,81620.59865,0,RESIDENTIAL,B1,-95.3486,29.75854
411,30.64196182,30641.96182,0,RESIDENTIAL,B1,-95.3752,29.7481
426,62.84875275,62848.75275,0,RESIDENTIAL,B1,-95.3779,29.751
555,1.58233074,1582.33074,0,RESIDENTIAL,B1,-95.3623,29.73919
557,61.37776037,61377.76037,0,RESIDENTIAL,B1,-95.3773,29.75174
560,36.26673446,36266.73446,0,RESIDENTIAL,B1,-95.3774,29.75423
581,1.24221058,1242.21058,0,RESIDENTIAL,B1,-95.359,29.74141
628,20.35699025,20356.99025,0,RESIDENTIAL,B1,-95.3464,29.76127
654,3.465663026,3465.663026,0,RESIDENTIAL,B1,-95.3591,29.74151
656,0.302177678,302.1776776,0,RESIDENTIAL,B1,-95.3622,29.73889
657,62.61099074,62610.99074,0,RESIDENTIAL,B1,-95.3679,29.74603
662,52.69299997,52692.99997,0,RESIDENTIAL,B1,-95.3734,29.76435
694,42.90784012,42907.84012,0,RESIDENTIAL,B1,-95.3774,29.75487
717,34.86606271,34866.06271,0,RESIDENTIAL,B1,-95.3782,29.7542
749,44.69892789,44698.92789,0,RESIDENTIAL,B1,-95.3765,29.75487
765,34.44747986,34447.47986,0,RESIDENTIAL,B1,-95.3756,29.75679
801,1.630696403,1630.696403,0,RESIDENTIAL,B1,-95.3621,29.73896
807,8.436978046,8436.978046,0,RESIDENTIAL,B1,-95.3749,29.74716
902,15.96640861,15966.40861,0,RESIDENTIAL,B1,-95.3769,29.75228
939,12.52413102,12524.13102,0,RESIDENTIAL,B1,-95.368,29.76879
1026,23.31864691,23318.64691,0,RESIDENTIAL,B1,-95.3745,29.74697
1028,2.180957989,2180.957989,0,RESIDENTIAL,B1,-95.3753,29.74792
1062,1.681595654,1681.595654,0,RESIDENTIAL,B1,-95.3621,29.7391
1121,76.67571975,76675.71975,0,RESIDENTIAL,B1,-95.3471,29.76086
1298,97.29248267,97292.48267,0,RESIDENTIAL,B1,-95.376,29.75414
1316,1.405953715,1405.953715,0,RESIDENTIAL,B1,-95.3682,29.76938
1383,26.5348617,26534.8617,0,RESIDENTIAL,B1,-95.3591,29.73973
1391,3.726549134,3726.549134,0,RESIDENTIAL,B1,-95.3624,29.73892
1411,28.98343755,28983.43755,0,RESIDENTIAL,B1,-95.3758,29.74764
1412,25.82913839,25829.13839,0,RESIDENTIAL,B1,-95.3755,29.7474
149,1.38324606,1383.24606,0,RESIDENTIAL,B2,-95.3779,29.75481
281,1.619627745,1619.627745,0,RESIDENTIAL,B2,-95.3625,29.74186
342,2.209169788,2209.169788,0,RESIDENTIAL,B2,-95.3582,29.7402
376,1.856316503,1856.316503,0,RESIDENTIAL,B2,-95.3567,29.74072
776,3.380867934,3380.867934,0,RESIDENTIAL,B2,-95.3619,29.74209
823,1.59498448,1594.98448,0,RESIDENTIAL,B2,-95.3626,29.74193
843,1.367436025,1367.436025,0,RESIDENTIAL,B2,-95.3627,29.74182
1040,3.032979685,3032.979685,0,RESIDENTIAL,B2,-95.365,29.7445
1372,2.140984007,2140.984007,0,RESIDENTIAL,B2,-95.3557,29.74437
405,1.237682452,1237.682452,0,RESIDENTIAL,B3,-95.3656,29.73885
448,1.441460923,1441.460923,0,RESIDENTIAL,B3,-95.3655,29.73892
512,1.687371612,1687.371612,0,RESIDENTIAL,B3,-95.368,29.7703
607,1.190959053,1190.959053,0,RESIDENTIAL,B3,-95.3622,29.74183
867,1.176506318,1176.506318,0,RESIDENTIAL,B3,-95.3655,29.73901
1063,2.165680761,2165.680761,0,RESIDENTIAL,B3,-95.362,29.74175
1404,1.131547454,1131.547454,0,RESIDENTIAL,B3,-95.368,29.77045
705,1.616572244,1616.572244,0,RESIDENTIAL,B4,-95.3621,29.74166
963,1.772412094,1772.412094,0,RESIDENTIAL,B4,-95.3637,29.74034
1037,3.433675261,3433.675261,0,RESIDENTIAL,B4,-95.3639,29.74028
246,2.162464526,2162.464526,1,VACANT,C2,-95.3541,29.76832
910,35.75268444,35752.68444,1,VACANT,C2,-95.3568,29.76736
978,2.052811299,2052.811299,3,VACANT,C2,-95.3561,29.75558
1017,47.07487919,47074.87919,3,VACANT,C2,-95.3596,29.75651
257,1.475699163,1475.699163,4,VACANT,C2,-95.3626,29.74587
554,3.015230875,3015.230875,4,VACANT,C2,-95.3618,29.74756
938,47.79370712,47793.70712,6,VACANT,C2,-95.3663,29.75273
1161,16.27683519,16276.83519,6,VACANT,C2,-95.3739,29.75604
1162,25.48567763,25485.67763,6,VACANT,C2,-95.3694,29.75223
1140,62.87482442,62874.82442,10,VACANT,C2,-95.3633,29.75984
373,0.795821913,795.8219125,0,VACANT,C2,-95.3516,29.77118
412,5.911717277,5911.717277,0,VACANT,C2,-95.3755,29.74928
542,7.933871606,7933.871606,0,VACANT,C2,-95.3663,29.74143
580,2.129790901,2129.790901,0,VACANT,C2,-95.358,29.74703
593,2.484422394,2484.422394,0,VACANT,C2,-95.3758,29.74849
710,31.05534156,31055.34156,0,VACANT,C2,-95.369,29.76966
951,0.795072532,795.0725323,0,VACANT,C2,-95.3517,29.7711
1012,5.138684734,5138.684734,0,VACANT,C2,-95.356,29.74712
1105,2.08015379,2080.15379,0,VACANT,C2,-95.3579,29.74464
120,5.670390975,5670.390975,1,COMMERCIAL,F1,-95.3548,29.76803
305,0.681086577,681.0865774,1,COMMERCIAL,F1,-95.3537,29.76867
308,0.640652788,640.6527876,1,COMMERCIAL,F1,-95.3565,29.76703
323,4.612387553,4612.387553,1,COMMERCIAL,F1,-95.3552,29.76782
374,10.56549905,10565.49905,1,COMMERCIAL,F1,-95.3531,29.76836
482,21.55428044,21554.28044,1,COMMERCIAL,F1,-95.3517,29.76903
499,14.02273876,14022.73876,1,COMMERCIAL,F1,-95.353,29.76888
724,1.648806206,1648.806206,1,COMMERCIAL,F1,-95.3508,29.76833
725,4.428347818,4428.347818,1,COMMERCIAL,F1,-95.3523,29.76897
753,2.578645693,2578.645693,1,COMMERCIAL,F1,-95.3575,29.76723
880,18.3095836,18309.5836,1,COMMERCIAL,F1,-95.3546,29.76717
1007,0.233663955,233.6639547,1,COMMERCIAL,F1,-95.3537,29.76858
1057,0.337635032,337.6350317,1,COMMERCIAL,F1,-95.3566,29.76705
1248,2.966472687,2966.472687,1,COMMERCIAL,F1,-95.3507,29.76931
1301,150.7516286,150751.6286,1,COMMERCIAL,F1,-95.3507,29.76795
1330,48.12720929,48127.20929,1,COMMERCIAL,F1,-95.3557,29.767
306,2.134410164,2134.410164,2,COMMERCIAL,F1,-95.3559,29.76072
326,3.627835514,3627.835514,2,COMMERCIAL,F1,-95.3571,29.75921
528,2.3175609,2317.5609,2,COMMERCIAL,F1,-95.3519,29.76013
598,2.183352779,2183.352779,2,COMMERCIAL,F1,-95.352,29.76008
878,16.05390784,16053.90784,2,COMMERCIAL,F1,-95.3529,29.76134
977,3.555691977,3555.691977,2,COMMERCIAL,F1,-95.3533,29.7614
1078,2.593906224,2593.906224,2,COMMERCIAL,F1,-95.3553,29.75926
1133,8.629595466,8629.595466,2,COMMERCIAL,F1,-95.3528,29.7582
1250,0.973162032,973.1620318,2,COMMERCIAL,F1,-95.3519,29.76002
1369,27.28002941,27280.02941,2,COMMERCIAL,F1,-95.3518,29.75963
173,62.01797956,62017.97956,3,COMMERCIAL,F1,-95.3608,29.75499
226,10.85477817,10854.77817,3,COMMERCIAL,F1,-95.3583,29.75698
485,49.95735077,49957.35077,3,COMMERCIAL,F1,-95.3599,29.75453
550,44.25080341,44250.80341,3,COMMERCIAL,F1,-95.3594,29.75528
840,14.04078681,14040.78681,3,COMMERCIAL,F1,-95.3614,29.75298
881,14.23220413,14232.20413,3,COMMERCIAL,F1,-95.3554,29.75537
955,20.28017032,20280.17032,3,COMMERCIAL,F1,-95.3579,29.75673
1147,6.643598211,6643.598211,3,COMMERCIAL,F1,-95.3589,29.75462
264,19.10353048,19103.53048,4,COMMERCIAL,F1,-95.3667,29.74772
316,15.02375277,15023.75277,4,COMMERCIAL,F1,-95.3643,29.74916
509,31.99150935,31991.50935,4,COMMERCIAL,F1,-95.3656,29.74912
608,1.556830173,1556.830173,4,COMMERCIAL,F1,-95.3623,29.74626
612,60.65510535,60655.10535,4,COMMERCIAL,F1,-95.3661,29.74828
641,3.677519348,3677.519348,4,COMMERCIAL,F1,-95.3647,29.74947
707,4.948907364,4948.907364,4,COMMERCIAL,F1,-95.3632,29.74908
736,134.5898394,134589.8394,4,COMMERCIAL,F1,-95.3655,29.74737
865,12.49267272,12492.67272,4,COMMERCIAL,F1,-95.365,29.74671
866,18.07190554,18071.90554,4,COMMERCIAL,F1,-95.3647,29.74643
960,7.500354338,7500.354338,4,COMMERCIAL,F1,-95.3626,29.74614
1039,0.820368463,820.3684632,4,COMMERCIAL,F1,-95.3652,29.74624
1139,6.938532842,6938.532842,4,COMMERCIAL,F1,-95.3626,29.74757
1185,23.62052621,23620.52621,4,COMMERCIAL,F1,-95.3645,29.74716
1186,1.281777647,1281.777647,4,COMMERCIAL,F1,-95.3659,29.74778
1307,19.84982299,19849.82299,4,COMMERCIAL,F1,-95.3609,29.74845
295,61.50671987,61506.71987,5,COMMERCIAL,F1,-95.373,29.75243
361,18.53212462,18532.12462,5,COMMERCIAL,F1,-95.3695,29.75056
420,26.36984218,26369.84218,5,COMMERCIAL,F1,-95.3723,29.75325
569,30.65538419,30655.38419,5,COMMERCIAL,F1,-95.3714,29.75125
649,2.34068524,2340.68524,5,COMMERCIAL,F1,-95.3723,29.75062
743,3.312151658,3312.151658,5,COMMERCIAL,F1,-95.372,29.75051
744,3.725617648,3725.617648,5,COMMERCIAL,F1,-95.3722,29.75182
782,1.394209632,1394.209632,5,COMMERCIAL,F1,-95.3718,29.75057
849,4.264299974,4264.299974,5,COMMERCIAL,F1,-95.371,29.75151
850,58.57567532,58575.67532,5,COMMERCIAL,F1,-95.3715,29.75269
896,31.20486479,31204.86479,5,COMMERCIAL,F1,-95.37,29.74949
921,57.70454521,57704.54521,5,COMMERCIAL,F1,-95.3675,29.74804
922,14.07481996,14074.81996,5,COMMERCIAL,F1,-95.3699,29.75139
1118,42.07981962,42079.81962,5,COMMERCIAL,F1,-95.3732,29.75372
1211,30.62310363,30623.10363,5,COMMERCIAL,F1,-95.3671,29.74863
1295,0.572137678,572.1376784,5,COMMERCIAL,F1,-95.3726,29.75183
1338,26.9535778,26953.5778,5,COMMERCIAL,F1,-95.3684,29.74841
1339,4.773863466,4773.863466,5,COMMERCIAL,F1,-95.3723,29.75203
1408,12.1972905,12197.2905,5,COMMERCIAL,F1,-95.372,29.75089
1410,54.3087444,54308.7444,5,COMMERCIAL,F1,-95.3738,29.75295
116,4.908634389,4908.634389,6,COMMERCIAL,F1,-95.3656,29.75017
263,2.349449356,2349.449356,6,COMMERCIAL,F1,-95.3652,29.75093
267,1.089895377,1089.895377,6,COMMERCIAL,F1,-95.3706,29.75395
293,33.27841264,33278.41264,6,COMMERCIAL,F1,-95.3712,29.7546
354,1.885559991,1885.559991,6,COMMERCIAL,F1,-95.3673,29.75097
404,24.08349985,24083.49985,6,COMMERCIAL,F1,-95.3729,29.75455
474,17.78838506,17788.38506,6,COMMERCIAL,F1,-95.3699,29.75476
520,133.4315642,133431.5642,6,COMMERCIAL,F1,-95.3738,29.75692
613,4.776961687,4776.961687,6,COMMERCIAL,F1,-95.3657,29.74994
660,11.79415588,11794.15588,6,COMMERCIAL,F1,-95.3713,29.75498
709,0.446855452,446.8554521,6,COMMERCIAL,F1,-95.3673,29.75327
747,39.14045687,39140.45687,6,COMMERCIAL,F1,-95.373,29.75724
760,1.436734762,1436.734762,6,COMMERCIAL,F1,-95.365,29.75082
827,62.54454382,62544.54382,6,COMMERCIAL,F1,-95.3706,29.75542
895,35.73090189,35730.90189,6,COMMERCIAL,F1,-95.3695,29.75358
967,7.95587491,7955.87491,6,COMMERCIAL,F1,-95.3664,29.7531
991,1.264599153,1264.599153,6,COMMERCIAL,F1,-95.3674,29.75099
1044,0.498903679,498.9036787,6,COMMERCIAL,F1,-95.3674,29.75333
1112,6.76059236,6760.59236,6,COMMERCIAL,F1,-95.3663,29.75153
1159,39.90027271,39900.27271,6,COMMERCIAL,F1,-95.3667,29.75071
1260,17.41166537,17411.66537,6,COMMERCIAL,F1,-95.3706,29.7543
1263,64.61403123,64614.03123,6,COMMERCIAL,F1,-95.3709,29.75341
1314,11.65437601,11654.37601,6,COMMERCIAL,F1,-95.3674,29.75317
1334,3.898992785,3898.992785,6,COMMERCIAL,F1,-95.3656,29.751
1336,0.242411904,242.4119035,6,COMMERCIAL,F1,-95.3675,29.75338
1396,10.91698451,10916.98451,6,COMMERCIAL,F1,-95.3646,29.75207
1406,0.553963582,553.9635824,6,COMMERCIAL,F1,-95.367,29.75132
122,24.1378212,24137.8212,7,COMMERCIAL,F1,-95.368,29.75714
129,198.0199098,198019.9098,7,COMMERCIAL,F1,-95.3651,29.75426
325,25.97448187,25974.48187,7,COMMERCIAL,F1,-95.3685,29.75498
394,55.51897634,55518.97634,7,COMMERCIAL,F1,-95.3675,29.75463
406,39.50544526,39505.44526,7,COMMERCIAL,F1,-95.3662,29.75612
489,64.04913287,64049.13287,7,COMMERCIAL,F1,-95.3697,29.75818
561,64.66915611,64669.15611,7,COMMERCIAL,F1,-95.3654,29.75557
616,45.73155417,45731.55417,7,COMMERCIAL,F1,-95.3694,29.75697
658,53.21815768,53218.15768,7,COMMERCIAL,F1,-95.3669,29.75537
679,61.93414458,61934.14458,7,COMMERCIAL,F1,-95.3657,29.75355
682,61.5150559,61515.0559,7,COMMERCIAL,F1,-95.3692,29.75565
742,29.28947483,29289.47483,7,COMMERCIAL,F1,-95.3713,29.75785
828,73.35770213,73357.70213,7,COMMERCIAL,F1,-95.37,29.75623
845,66.27655489,66276.55489,7,COMMERCIAL,F1,-95.3645,29.75506
898,31.99341217,31993.41217,7,COMMERCIAL,F1,-95.3719,29.75835
990,64.69139136,64691.39136,7,COMMERCIAL,F1,-95.3666,29.75408
1117,0.994308109,994.3081089,7,COMMERCIAL,F1,-95.3718,29.75714
1158,61.19042042,61190.42042,7,COMMERCIAL,F1,-95.3703,29.75749
1165,53.45771265,53457.71265,7,COMMERCIAL,F1,-95.3706,29.75873
1188,1.179528327,1179.528327,7,COMMERCIAL,F1,-95.3715,29.75721
1216,25.99015083,25990.15083,7,COMMERCIAL,F1,-95.3719,29.75735
1309,57.85829364,57858.29364,7,COMMERCIAL,F1,-95.3637,29.75454
1317,24.1649848,24164.9848,7,COMMERCIAL,F1,-95.3689,29.75769
1321,31.5966747,31596.6747,7,COMMERCIAL,F1,-95.371,29.757
180,38.84640166,38846.40166,8,COMMERCIAL,F1,-95.3674,29.75787
197,61.77195492,61771.95492,8,COMMERCIAL,F1,-95.366,29.75812
228,26.73993931,26739.93931,8,COMMERCIAL,F1,-95.3616,29.75551
290,28.76741562,28767.41562,8,COMMERCIAL,F1,-95.3683,29.7584
393,61.09355524,61093.55524,8,COMMERCIAL,F1,-95.3665,29.75736
442,88.00930068,88009.30068,8,COMMERCIAL,F1,-95.3629,29.75634
469,58.76491737,58764.91737,8,COMMERCIAL,F1,-95.3657,29.75685
487,40.18763595,40187.63595,8,COMMERCIAL,F1,-95.3643,29.75705
611,25.13918245,25139.18245,8,COMMERCIAL,F1,-95.3649,29.75615
863,21.05086735,21050.86735,8,COMMERCIAL,F1,-95.364,29.75711
1108,30.15460843,30154.60843,8,COMMERCIAL,F1,-95.3639,29.75581
1233,29.03811737,29038.11737,8,COMMERCIAL,F1,-95.3647,29.75647
1401,27.27179095,27271.79095,8,COMMERCIAL,F1,-95.3677,29.75915
117,42.92472428,42924.72428,9,COMMERCIAL,F1,-95.3665,29.76056
194,58.00462382,58004.62382,9,COMMERCIAL,F1,-95.361,29.75627
400,61.71693239,61716.93239,9,COMMERCIAL,F1,-95.3636,29.75779
468,53.54302775,53543.02775,9,COMMERCIAL,F1,-95.3656,29.7601
675,130.4060205,130406.0205,9,COMMERCIAL,F1,-95.3642,29.75871
677,31.94631514,31946.31514,9,COMMERCIAL,F1,-95.3653,29.75876
761,60.08743185,60087.43185,9,COMMERCIAL,F1,-95.3648,29.7596
846,61.08980575,61089.80575,9,COMMERCIAL,F1,-95.3662,29.75939
890,0.480415968,480.4159681,9,COMMERCIAL,F1,-95.3631,29.75814
1036,66.19582871,66195.82871,9,COMMERCIAL,F1,-95.3627,29.75728
177,4.861121116,4861.121116,10,COMMERCIAL,F1,-95.3648,29.76156
251,4.57929817,4579.29817,10,COMMERCIAL,F1,-95.3595,29.75947
254,29.45997532,29459.97532,10,COMMERCIAL,F1,-95.3617,29.76027
283,63.20203447,63202.03447,10,COMMERCIAL,F1,-95.3635,29.76116
338,43.12879152,43128.79152,10,COMMERCIAL,F1,-95.3643,29.76169
358,208.092106,208092.106,10,COMMERCIAL,F1,-95.3678,29.76246
467,30.10265609,30102.65609,10,COMMERCIAL,F1,-95.3631,29.76176
502,5.201774572,5201.774572,10,COMMERCIAL,F1,-95.359,29.75929
506,32.14090405,32140.90405,10,COMMERCIAL,F1,-95.3645,29.76309
585,28.55233958,28552.33958,10,COMMERCIAL,F1,-95.3619,29.75994
605,8.888990465,8888.990465,10,COMMERCIAL,F1,-95.3612,29.76117
610,22.88930346,22889.30346,10,COMMERCIAL,F1,-95.364,29.76039
669,8.48645141,8486.45141,10,COMMERCIAL,F1,-95.3599,29.75806
774,9.008123062,9008.123062,10,COMMERCIAL,F1,-95.3603,29.76004
777,62.38319711,62383.19711,10,COMMERCIAL,F1,-95.3624,29.75931
819,4.151212351,4151.212351,10,COMMERCIAL,F1,-95.3599,29.75972
820,3.228150203,3228.150203,10,COMMERCIAL,F1,-95.3608,29.76094
968,24.67168957,24671.68957,10,COMMERCIAL,F1,-95.3674,29.76425
1019,15.64399306,15643.99306,10,COMMERCIAL,F1,-95.3606,29.76035
1034,13.88387911,13883.87911,10,COMMERCIAL,F1,-95.3596,29.75775
1081,10.47422123,10474.22123,10,COMMERCIAL,F1,-95.3602,29.7577
1203,3.24489997,3244.89997,10,COMMERCIAL,F1,-95.3599,29.7604
1230,59.80738033,59807.38033,10,COMMERCIAL,F1,-95.3616,29.75877
1289,16.97149831,16971.49831,10,COMMERCIAL,F1,-95.3647,29.7627
396,1.421080581,1421.080581,11,COMMERCIAL,F1,-95.3619,29.76444
504,56.0523105,56052.3105,11,COMMERCIAL,F1,-95.3615,29.76212
583,9.071959108,9071.959108,11,COMMERCIAL,F1,-95.3601,29.76436
634,5.313528851,5313.528851,11,COMMERCIAL,F1,-95.3602,29.76172
668,64.86408832,64864.08832,11,COMMERCIAL,F1,-95.3603,29.76365
701,32.83543468,32835.43468,11,COMMERCIAL,F1,-95.3579,29.75997
733,14.67142226,14671.42226,11,COMMERCIAL,F1,-95.3626,29.7639
799,9.210996762,9210.996762,11,COMMERCIAL,F1,-95.3609,29.76258
1178,4.484469276,4484.469276,11,COMMERCIAL,F1,-95.361,29.76406
1180,7.847565638,7847.565638,11,COMMERCIAL,F1,-95.362,29.76438
1332,2.081768873,2081.768873,11,COMMERCIAL,F1,-95.3617,29.76452
1388,14.45076105,14450.76105,11,COMMERCIAL,F1,-95.3614,29.76408
105,6.072427463,6072.427463,0,COMMERCIAL,F1,-95.3569,29.75026
108,7.824839277,7824.839277,0,COMMERCIAL,F1,-95.3599,29.74695
113,33.78514916,33785.14916,0,COMMERCIAL,F1,-95.3484,29.76929
127,1.809360784,1809.360784,0,COMMERCIAL,F1,-95.3612,29.74282
135,7.179253806,7179.253806,0,COMMERCIAL,F1,-95.3661,29.74308
142,4.498210765,4498.210765,0,COMMERCIAL,F1,-95.3728,29.76515
143,38.9221401,38922.1401,0,COMMERCIAL,F1,-95.3745,29.74898
159,0.630865518,630.8655177,0,COMMERCIAL,F1,-95.3663,29.74492
164,1.593696949,1593.696949,0,COMMERCIAL,F1,-95.3727,29.7653
165,56.67617332,56676.17332,0,COMMERCIAL,F1,-95.3733,29.76655
166,1.935089349,1935.089349,0,COMMERCIAL,F1,-95.3746,29.76523
168,4.321323448,4321.323448,0,COMMERCIAL,F1,-95.3556,29.74987
170,3.062396691,3062.396691,0,COMMERCIAL,F1,-95.3564,29.74498
184,1.246202921,1246.202921,0,COMMERCIAL,F1,-95.3761,29.76424
186,21.58837481,21588.37481,0,COMMERCIAL,F1,-95.3507,29.75674
201,8.772591558,8772.591558,0,COMMERCIAL,F1,-95.3683,29.74525
207,27.18656148,27186.56148,0,COMMERCIAL,F1,-95.372,29.74745
208,5.056723125,5056.723125,0,COMMERCIAL,F1,-95.3743,29.76499
209,7.942409505,7942.409505,0,COMMERCIAL,F1,-95.3756,29.75039
211,22.29052261,22290.52261,0,COMMERCIAL,F1,-95.3768,29.74943
213,3.48218377,3482.18377,0,COMMERCIAL,F1,-95.3774,29.75292
214,2.753035979,2753.035979,0,COMMERCIAL,F1,-95.3772,29.75309
220,30.30800157,30308.00157,0,COMMERCIAL,F1,-95.3501,29.77228
222,13.35846821,13358.46821,0,COMMERCIAL,F1,-95.3562,29.74792
223,49.15244915,49152.44915,0,COMMERCIAL,F1,-95.3568,29.7471
224,19.20921417,19209.21417,0,COMMERCIAL,F1,-95.3574,29.74975
236,0.604751997,604.7519973,0,COMMERCIAL,F1,-95.3728,29.7499
241,18.78100154,18781.00154,0,COMMERCIAL,F1,-95.3783,29.7575
248,4.810445636,4810.445636,0,COMMERCIAL,F1,-95.3567,29.7484
269,0.781271898,781.2718982,0,COMMERCIAL,F1,-95.3748,29.7651
275,4.409293684,4409.293684,0,COMMERCIAL,F1,-95.3557,29.75192
288,22.5850113,22585.0113,0,COMMERCIAL,F1,-95.367,29.74229
294,17.59965836,17599.65836,0,COMMERCIAL,F1,-95.3725,29.74794
296,4.527326253,4527.326253,0,COMMERCIAL,F1,-95.374,29.74999
302,4.864665353,4864.665353,0,COMMERCIAL,F1,-95.3468,29.75861
303,9.121046128,9121.046128,0,COMMERCIAL,F1,-95.349,29.76063
304,13.32204159,13322.04159,0,COMMERCIAL,F1,-95.3491,29.75556
310,3.263459552,3263.459552,0,COMMERCIAL,F1,-95.3612,29.74292
320,1.685723598,1685.723598,0,COMMERCIAL,F1,-95.3667,29.74076
322,38.53630435,38536.30435,0,COMMERCIAL,F1,-95.3552,29.75055
324,14.7299341,14729.9341,0,COMMERCIAL,F1,-95.3555,29.75183
327,25.46518034,25465.18034,0,COMMERCIAL,F1,-95.3504,29.75853
334,27.95143025,27951.43025,0,COMMERCIAL,F1,-95.355,29.74821
335,0.790450822,790.4508218,0,COMMERCIAL,F1,-95.3753,29.74951
365,16.35777571,16357.77571,0,COMMERCIAL,F1,-95.3759,29.74891
370,5.270693124,5270.693124,0,COMMERCIAL,F1,-95.3489,29.75769
377,7.939386771,7939.386771,0,COMMERCIAL,F1,-95.3568,29.75068
382,2.316724829,2316.724829,0,COMMERCIAL,F1,-95.3601,29.741
391,3.484563732,3484.563732,0,COMMERCIAL,F1,-95.3668,29.74064
392,2.402058812,2402.058812,0,COMMERCIAL,F1,-95.3581,29.74675
395,0.829431277,829.4312771,0,COMMERCIAL,F1,-95.3689,29.7459
402,2.898241469,2898.241469,0,COMMERCIAL,F1,-95.3719,29.74616
403,5.989985284,5989.985284,0,COMMERCIAL,F1,-95.3719,29.746
408,3.692109154,3692.109154,0,COMMERCIAL,F1,-95.3748,29.76572
417,4.364232027,4364.232027,0,COMMERCIAL,F1,-95.3702,29.74503
418,3.79195028,3791.95028,0,COMMERCIAL,F1,-95.3705,29.74477
429,17.65172976,17651.72976,0,COMMERCIAL,F1,-95.3474,29.75786
434,14.79096549,14790.96549,0,COMMERCIAL,F1,-95.3559,29.74877
436,2.595498599,2595.498599,0,COMMERCIAL,F1,-95.3576,29.74426
439,6.804714919,6804.714919,0,COMMERCIAL,F1,-95.3594,29.74665
446,22.42748399,22427.48399,0,COMMERCIAL,F1,-95.3655,29.7422
458,2.753057935,2753.057935,0,COMMERCIAL,F1,-95.3492,29.76085
459,1.294826136,1294.826136,0,COMMERCIAL,F1,-95.35,29.75636
461,10.57652647,10576.52647,0,COMMERCIAL,F1,-95.3549,29.75266
466,5.97328241,5973.28241,0,COMMERCIAL,F1,-95.3596,29.74643
470,11.10550461,11105.50461,0,COMMERCIAL,F1,-95.367,29.74036
490,2.73845836,2738.45836,0,COMMERCIAL,F1,-95.3722,29.74583
498,67.54801,67548.01,0,COMMERCIAL,F1,-95.3499,29.76819
501,24.82501911,24825.01911,0,COMMERCIAL,F1,-95.3554,29.74273
515,4.032820513,4032.820513,0,COMMERCIAL,F1,-95.3705,29.74634
517,22.50712441,22507.12441,0,COMMERCIAL,F1,-95.3711,29.74534
521,4.780429085,4780.429085,0,COMMERCIAL,F1,-95.3744,29.76588
522,8.169874085,8169.874085,0,COMMERCIAL,F1,-95.3746,29.76495
526,5.807084165,5807.084165,0,COMMERCIAL,F1,-95.3502,29.7556
527,48.24250776,48242.50776,0,COMMERCIAL,F1,-95.3512,29.75595
529,1.624439871,1624.439871,0,COMMERCIAL,F1,-95.3567,29.74409
530,1.271475468,1271.475468,0,COMMERCIAL,F1,-95.3571,29.74094
532,19.91942254,19919.42254,0,COMMERCIAL,F1,-95.3591,29.74397
533,5.328451433,5328.451433,0,COMMERCIAL,F1,-95.36,29.74662
541,48.35518375,48355.18375,0,COMMERCIAL,F1,-95.3645,29.73901
543,3.059503637,3059.503637,0,COMMERCIAL,F1,-95.3668,29.74137
544,10.5144208,10514.4208,0,COMMERCIAL,F1,-95.3519,29.75619
545,11.79004327,11790.04327,0,COMMERCIAL,F1,-95.3545,29.75011
549,10.34562016,10345.62016,0,COMMERCIAL,F1,-95.3592,29.74615
552,2.966238004,2966.238004,0,COMMERCIAL,F1,-95.3753,29.75154
559,4.349422191,4349.422191,0,COMMERCIAL,F1,-95.3775,29.75268
568,26.25698675,26256.98675,0,COMMERCIAL,F1,-95.3704,29.74758
570,3.625396812,3625.396812,0,COMMERCIAL,F1,-95.3728,29.76452
571,8.590968949,8590.968949,0,COMMERCIAL,F1,-95.3739,29.74956
575,21.43993461,21439.93461,0,COMMERCIAL,F1,-95.3476,29.77121
591,8.200328821,8200.328821,0,COMMERCIAL,F1,-95.3736,29.74851
592,27.50892586,27508.92586,0,COMMERCIAL,F1,-95.3743,29.76434
600,18.53831268,18538.31268,0,COMMERCIAL,F1,-95.3582,29.74889
601,26.53780889,26537.80889,0,COMMERCIAL,F1,-95.3587,29.74617
602,16.65607881,16656.07881,0,COMMERCIAL,F1,-95.3596,29.74559
603,2.987534975,2987.534975,0,COMMERCIAL,F1,-95.3604,29.74151
626,7.91797857,7917.97857,0,COMMERCIAL,F1,-95.3787,29.75813
653,5.43702609,5437.02609,0,COMMERCIAL,F1,-95.3584,29.74176
655,17.28053198,17280.53198,0,COMMERCIAL,F1,-95.36,29.74458
665,1.289317785,1289.317785,0,COMMERCIAL,F1,-95.3519,29.7722
667,9.802095933,9802.095933,0,COMMERCIAL,F1,-95.3575,29.74832
685,8.085975601,8085.975601,0,COMMERCIAL,F1,-95.3702,29.74826
687,9.824304048,9824.304048,0,COMMERCIAL,F1,-95.3724,29.74962
688,5.904157792,5904.157792,0,COMMERCIAL,F1,-95.3731,29.74628
692,11.29181101,11291.81101,0,COMMERCIAL,F1,-95.3772,29.75068
699,0.549580426,549.5804257,0,COMMERCIAL,F1,-95.3564,29.75088
700,71.19722926,71197.22926,0,COMMERCIAL,F1,-95.3565,29.76917
704,1.004959743,1004.959743,0,COMMERCIAL,F1,-95.3597,29.74186
711,2.389730381,2389.730381,0,COMMERCIAL,F1,-95.3689,29.74586
713,3.198412366,3198.412366,0,COMMERCIAL,F1,-95.3709,29.74875
715,3.468432384,3468.432384,0,COMMERCIAL,F1,-95.3749,29.75005
716,17.05024089,17050.24089,0,COMMERCIAL,F1,-95.3756,29.75068
721,2.147857179,2147.857179,0,COMMERCIAL,F1,-95.3484,29.75783
722,2.799547105,2799.547105,0,COMMERCIAL,F1,-95.3486,29.76777
723,1.536681812,1536.681812,0,COMMERCIAL,F1,-95.35,29.7545
727,4.10774792,4107.74792,0,COMMERCIAL,F1,-95.358,29.74863
730,0.811166704,811.1667035,0,COMMERCIAL,F1,-95.3592,29.74228
731,11.93607364,11936.07364,0,COMMERCIAL,F1,-95.3602,29.74584
745,6.246822378,6246.822378,0,COMMERCIAL,F1,-95.3724,29.74631
751,5.876305292,5876.305292,0,COMMERCIAL,F1,-95.3779,29.75296
756,14.00669766,14006.69766,0,COMMERCIAL,F1,-95.3595,29.74235
769,9.83934726,9839.34726,0,COMMERCIAL,F1,-95.3486,29.757
784,2.897132448,2897.132448,0,COMMERCIAL,F1,-95.3742,29.75068
787,14.43833297,14438.33297,0,COMMERCIAL,F1,-95.3764,29.75116
796,15.08021575,15080.21575,0,COMMERCIAL,F1,-95.3576,29.74741
802,35.21296742,35212.96742,0,COMMERCIAL,F1,-95.3667,29.74416
810,2.311042722,2311.042722,0,COMMERCIAL,F1,-95.3487,29.7575
811,7.149026421,7149.026421,0,COMMERCIAL,F1,-95.35,29.75612
812,46.9877203,46987.7203,0,COMMERCIAL,F1,-95.3495,29.75494
825,17.03504729,17035.04729,0,COMMERCIAL,F1,-95.3658,29.74385
829,27.77632622,27776.32622,0,COMMERCIAL,F1,-95.3724,29.7468
832,13.24569615,13245.69615,0,COMMERCIAL,F1,-95.3774,29.75738
835,52.74238114,52742.38114,0,COMMERCIAL,F1,-95.3566,29.74914
851,9.805936436,9805.936436,0,COMMERCIAL,F1,-95.3746,29.7504
858,44.85791681,44857.91681,0,COMMERCIAL,F1,-95.3547,29.7514
859,3.961783151,3961.783151,0,COMMERCIAL,F1,-95.3549,29.75229
869,8.153056266,8153.056266,0,COMMERCIAL,F1,-95.3477,29.76892
876,9.643321981,9643.321981,0,COMMERCIAL,F1,-95.3505,29.75531
882,28.34983141,28349.83141,0,COMMERCIAL,F1,-95.356,29.74343
885,0.528818185,528.818185,0,COMMERCIAL,F1,-95.3757,29.74866
887,8.122963139,8122.963139,0,COMMERCIAL,F1,-95.3774,29.74974
899,2.877674991,2877.674991,0,COMMERCIAL,F1,-95.3723,29.74901
904,76.1088454,76108.8454,0,COMMERCIAL,F1,-95.3488,29.76006
907,1.492318632,1492.318632,0,COMMERCIAL,F1,-95.3501,29.7538
915,3.464661828,3464.661828,0,COMMERCIAL,F1,-95.3625,29.7387
917,2.864550452,2864.550452,0,COMMERCIAL,F1,-95.3643,29.74373
918,3.159588719,3159.588719,0,COMMERCIAL,F1,-95.365,29.7446
926,11.93048597,11930.48597,0,COMMERCIAL,F1,-95.3756,29.75268
927,1.498297684,1498.297684,0,COMMERCIAL,F1,-95.3754,29.75137
936,12.85085912,12850.85912,0,COMMERCIAL,F1,-95.3586,29.74351
940,7.350920688,7350.920688,0,COMMERCIAL,F1,-95.3684,29.74654
944,8.773793333,8773.793333,0,COMMERCIAL,F1,-95.3699,29.74537
946,8.085202338,8085.202338,0,COMMERCIAL,F1,-95.3748,29.75147
953,23.18429496,23184.29496,0,COMMERCIAL,F1,-95.3541,29.7488
954,1.490193732,1490.193732,0,COMMERCIAL,F1,-95.3569,29.74518
969,2.678453677,2678.453677,0,COMMERCIAL,F1,-95.3748,29.76523
973,14.5473095,14547.3095,0,COMMERCIAL,F1,-95.3761,29.75298
975,7.039123176,7039.123176,0,COMMERCIAL,F1,-95.3497,29.75585
980,27.4014308,27401.4308,0,COMMERCIAL,F1,-95.3561,29.75101
982,4.804762984,4804.762984,0,COMMERCIAL,F1,-95.3573,29.74775
995,1.898322577,1898.322577,0,COMMERCIAL,F1,-95.3715,29.74733
996,1.344809574,1344.809574,0,COMMERCIAL,F1,-95.3726,29.74653
997,3.003996916,3003.996916,0,COMMERCIAL,F1,-95.3739,29.75085
998,0.906999812,906.9998121,0,COMMERCIAL,F1,-95.3762,29.76435
1000,0.587398095,587.3980954,0,COMMERCIAL,F1,-95.3771,29.75726
1006,9.82680709,9826.80709,0,COMMERCIAL,F1,-95.3503,29.7542
1008,33.98490781,33984.90781,0,COMMERCIAL,F1,-95.3543,29.75222
1009,15.55747304,15557.47304,0,COMMERCIAL,F1,-95.3561,29.76964
1011,3.973720261,3973.720261,0,COMMERCIAL,F1,-95.3559,29.74951
1042,14.3886816,14388.6816,0,COMMERCIAL,F1,-95.3664,29.74601
1046,2.522476178,2522.476178,0,COMMERCIAL,F1,-95.3702,29.74746
1056,4.588618047,4588.618047,0,COMMERCIAL,F1,-95.355,29.75237
1071,4.814923509,4814.923509,0,COMMERCIAL,F1,-95.3742,29.76605
1072,4.384385005,4384.385005,0,COMMERCIAL,F1,-95.3755,29.74877
1077,14.97516908,14975.16908,0,COMMERCIAL,F1,-95.3554,29.74952
1079,3.474073574,3474.073574,0,COMMERCIAL,F1,-95.3555,29.75215
1082,3.219651548,3219.651548,0,COMMERCIAL,F1,-95.3617,29.74314
1090,1.19789618,1197.89618,0,COMMERCIAL,F1,-95.3691,29.74574
1094,1.341133471,1341.133471,0,COMMERCIAL,F1,-95.3701,29.74522
1095,0.898703815,898.703815,0,COMMERCIAL,F1,-95.3725,29.74981
1096,8.94702255,8947.02255,0,COMMERCIAL,F1,-95.3751,29.74944
1101,15.5307704,15530.7704,0,COMMERCIAL,F1,-95.3477,29.75704
1116,3.789351261,3789.351261,0,COMMERCIAL,F1,-95.3698,29.74639
1123,6.059809966,6059.809966,0,COMMERCIAL,F1,-95.35,29.75771
1124,31.87580758,31875.80758,0,COMMERCIAL,F1,-95.3507,29.75801
1126,1.160774398,1160.774398,0,COMMERCIAL,F1,-95.3557,29.75222
1127,25.27230973,25272.30973,0,COMMERCIAL,F1,-95.3561,29.75004
1143,34.68635379,34686.35379,0,COMMERCIAL,F1,-95.3572,29.76856
1149,19.52251834,19522.51834,0,COMMERCIAL,F1,-95.3654,29.74449
1151,18.57816621,18578.16621,0,COMMERCIAL,F1,-95.3663,29.74519
1152,14.7020776,14702.0776,0,COMMERCIAL,F1,-95.3606,29.74048
1163,7.823025857,7823.025857,0,COMMERCIAL,F1,-95.3707,29.74576
1169,2.994227898,2994.227898,0,COMMERCIAL,F1,-95.3769,29.7534
1175,4.377665793,4377.665793,0,COMMERCIAL,F1,-95.3557,29.75206
1176,2.821767507,2821.767507,0,COMMERCIAL,F1,-95.3567,29.74448
1179,4.086755672,4086.755672,0,COMMERCIAL,F1,-95.3609,29.74542
1187,2.758605965,2758.605965,0,COMMERCIAL,F1,-95.3704,29.74554
1202,1.624296934,1624.296934,0,COMMERCIAL,F1,-95.3593,29.74219
1217,7.895874785,7895.874785,0,COMMERCIAL,F1,-95.3729,29.74772
1219,29.41227219,29412.27219,0,COMMERCIAL,F1,-95.3477,29.75902
1223,10.54927005,10549.27005,0,COMMERCIAL,F1,-95.3556,29.74223
1227,49.30866774,49308.66774,0,COMMERCIAL,F1,-95.3587,29.74493
1228,0.603586444,603.5864441,0,COMMERCIAL,F1,-95.3593,29.74206
1247,1.160577371,1160.577371,0,COMMERCIAL,F1,-95.3497,29.75432
1249,19.74090975,19740.90975,0,COMMERCIAL,F1,-95.3518,29.77188
1261,2.394476619,2394.476619,0,COMMERCIAL,F1,-95.3707,29.74771
1266,0.573741656,573.7416555,0,COMMERCIAL,F1,-95.3762,29.76421
1272,33.46101667,33461.01667,0,COMMERCIAL,F1,-95.3485,29.76825
1276,32.50641073,32506.41073,0,COMMERCIAL,F1,-95.3538,29.75078
1281,2.654589089,2654.589089,0,COMMERCIAL,F1,-95.3578,29.74437
1282,7.837975652,7837.975652,0,COMMERCIAL,F1,-95.359,29.74647
1284,2.11175834,2111.75834,0,COMMERCIAL,F1,-95.3619,29.74279
1290,19.77498881,19774.98881,0,COMMERCIAL,F1,-95.3646,29.74391
1294,33.61618895,33616.18895,0,COMMERCIAL,F1,-95.3713,29.74815
1297,6.431556579,6431.556579,0,COMMERCIAL,F1,-95.3757,29.75804
1305,0.753207771,753.2077712,0,COMMERCIAL,F1,-95.3564,29.74479
1306,2.537272085,2537.272085,0,COMMERCIAL,F1,-95.3582,29.74653
1313,1.295174615,1295.174615,0,COMMERCIAL,F1,-95.3667,29.7425
1337,16.00807244,16008.07244,0,COMMERCIAL,F1,-95.3682,29.7471
1340,2.343017352,2343.017352,0,COMMERCIAL,F1,-95.3749,29.7521
1342,2.475719173,2475.719173,0,COMMERCIAL,F1,-95.3768,29.7576
1343,5.566964131,5566.964131,0,COMMERCIAL,F1,-95.3777,29.75282
1346,1.865703267,1865.703267,0,COMMERCIAL,F1,-95.3486,29.75765
1347,57.84657972,57846.57972,0,COMMERCIAL,F1,-95.3484,29.77208
1348,15.53040645,15530.40645,0,COMMERCIAL,F1,-95.3545,29.7488
1350,5.064233204,5064.233204,0,COMMERCIAL,F1,-95.3594,29.74732
1356,6.390208701,6390.208701,0,COMMERCIAL,F1,-95.3683,29.76966
1358,42.09638687,42096.38687,0,COMMERCIAL,F1,-95.3695,29.74711
1368,40.81907655,40819.07655,0,COMMERCIAL,F1,-95.3481,29.75744
1370,43.0745577,43074.5577,0,COMMERCIAL,F1,-95.3536,29.74962
1373,16.71152367,16711.52367,0,COMMERCIAL,F1,-95.3548,29.75026
1379,5.9778213,5977.8213,0,COMMERCIAL,F1,-95.3594,29.74183
1405,5.316501457,5316.501457,0,COMMERCIAL,F1,-95.3665,29.74115
1407,2.840304186,2840.304186,0,COMMERCIAL,F1,-95.3697,29.7482
684,15.28999647,15289.99647,5,INDUSTRIAL,F2,-95.3692,29.75116
941,29.87950393,29879.50393,5,INDUSTRIAL,F2,-95.3688,29.751
481,47.94940288,47949.40288,0,INDUSTRIAL,F2,-95.3492,29.77301
652,41.23502169,41235.02169,0,INDUSTRIAL,F2,-95.3485,29.77109
1327,46.05289116,46052.89116,0,INDUSTRIAL,F2,-95.3484,29.77312
1365,31.74103328,31741.03328,0,INDUSTRIAL,F2,-95.3493,29.77228
726,0.770259261,770.2592606,1,UTILITY,J3,-95.3527,29.76412
794,0.728947318,728.947318,1,UTILITY,J3,-95.3528,29.76421
834,0.665537374,665.5373738,1,UTILITY,J3,-95.3529,29.76431
1055,2.663346035,2663.346035,1,UTILITY,J3,-95.3525,29.76267
1103,2.301518525,2301.518525,1,UTILITY,J3,-95.3525,29.76278
1174,1.435816704,1435.816704,1,UTILITY,J3,-95.3523,29.76278
1303,4.748774193,4748.774193,1,UTILITY,J3,-95.3531,29.76296
800,0.644899035,644.8990346,3,UTILITY,J3,-95.3614,29.75242
959,0.575886441,575.8864409,3,UTILITY,J3,-95.362,29.75219
237,5.865889876,5865.889876,6,UTILITY,J3,-95.3735,29.75548
676,36.11931927,36119.31927,6,UTILITY,J4,-95.3653,29.75222
372,11.17273906,11172.73906,0,UTILITY,J4,-95.351,29.77205
576,4.811005615,4811.005615,0,UTILITY,J4,-95.3517,29.77084
931,18.25260007,18252.60007,0,UTILITY,J4,-95.3509,29.77093
1274,5.484319841,5484.319841,0,UTILITY,J4,-95.351,29.77134
460,67.83695757,67836.95757,0,UTILITY,J5,-95.3505,29.77391
1238,10.18232367,10182.32367,0,UTILITY,J5,-95.3675,29.76744
103,18.57581915,18575.81915,1,COMMUNITY,X1,-95.3535,29.76638
321,18.88303609,18883.03609,1,COMMUNITY,X1,-95.3544,29.76614
390,11.34829145,11348.29145,1,COMMUNITY,X1,-95.3571,29.76379
433,18.6649527,18664.9527,1,COMMUNITY,X1,-95.3546,29.76642
531,5.513583636,5513.583636,1,COMMUNITY,X1,-95.3572,29.76575
577,4.090854936,4090.854936,1,COMMUNITY,X1,-95.3518,29.76846
770,111.6210525,111621.0525,1,COMMUNITY,X1,-95.3561,29.76334
795,14.38094529,14380.94529,1,COMMUNITY,X1,-95.356,29.76574
813,18.50745798,18507.45798,1,COMMUNITY,X1,-95.3538,29.76665
857,14.32214877,14322.14877,1,COMMUNITY,X1,-95.3528,29.76659
934,14.38178946,14381.78946,1,COMMUNITY,X1,-95.3553,29.76589
1130,1.09144181,1091.44181,1,COMMUNITY,X1,-95.3574,29.76584
1221,71.74560193,71745.60193,1,COMMUNITY,X1,-95.3546,29.76392
1222,40.98076552,40980.76552,1,COMMUNITY,X1,-95.3556,29.76418
1226,64.07958426,64079.58426,1,COMMUNITY,X1,-95.3577,29.76474
1251,96.96718324,96967.18324,1,COMMUNITY,X1,-95.3528,29.7678
1252,74.70227515,74702.27515,1,COMMUNITY,X1,-95.3565,29.76444
1275,18.53787907,18537.87907,1,COMMUNITY,X1,-95.3529,29.76688
1278,40.72269345,40722.69345,1,COMMUNITY,X1,-95.356,29.76605
152,530.3119272,530311.9272,2,COMMUNITY,X1,-95.3553,29.75719
307,2.782971899,2782.971899,2,COMMUNITY,X1,-95.3565,29.7599
337,55.855968,55855.968,2,COMMUNITY,X1,-95.3566,29.76032
1010,6.744862148,6744.862148,2,COMMUNITY,X1,-95.3558,29.75818
1031,13.65468221,13654.68221,2,COMMUNITY,X1,-95.3542,29.76127
126,6.792817412,6792.817412,3,COMMUNITY,X1,-95.3601,29.75375
309,1.475710118,1475.710118,3,COMMUNITY,X1,-95.3586,29.75311
331,4.068754538,4068.754538,3,COMMUNITY,X1,-95.3603,29.75259
440,8.711249577,8711.249577,3,COMMUNITY,X1,-95.3601,29.75269
551,110.1918036,110191.8036,3,COMMUNITY,X1,-95.3606,29.75152
582,806.9679109,806967.9109,3,COMMUNITY,X1,-95.3579,29.75231
818,6.430441161,6430.441161,3,COMMUNITY,X1,-95.3595,29.75375
1148,1.627694514,1627.694514,3,COMMUNITY,X1,-95.3593,29.75353
1224,102.3298163,102329.8163,3,COMMUNITY,X1,-95.3561,29.75439
1382,13.01850919,13018.50919,3,COMMUNITY,X1,-95.3597,29.75344
252,20.0936605,20093.6605,4,COMMUNITY,X1,-95.3598,29.75006
537,231.1845562,231184.5562,4,COMMUNITY,X1,-95.3622,29.75077
986,62.95013447,62950.13447,4,COMMUNITY,X1,-95.3605,29.75044
1156,142.2561236,142256.1236,4,COMMUNITY,X1,-95.363,29.74974
163,23.1780133,23178.0133,5,COMMUNITY,X1,-95.3729,29.75131
421,16.13057577,16130.57577,5,COMMUNITY,X1,-95.3736,29.75192
1047,59.65449537,59654.49537,5,COMMUNITY,X1,-95.371,29.75013
182,6.614154912,6614.154912,7,COMMUNITY,X1,-95.3712,29.75931
235,4.085405158,4085.405158,7,COMMUNITY,X1,-95.3713,29.75901
511,19.90059579,19900.59579,7,COMMUNITY,X1,-95.368,29.75591
518,3.1667054,3166.7054,7,COMMUNITY,X1,-95.3723,29.75892
587,21.09944211,21099.44211,7,COMMUNITY,X1,-95.3675,29.75576
160,35.75632256,35756.32256,8,COMMUNITY,X1,-95.37,29.75943
161,2.709276396,2709.276396,8,COMMUNITY,X1,-95.3714,29.76039
162,1.805526169,1805.526169,8,COMMUNITY,X1,-95.3716,29.76063
181,9.863373912,9863.373912,8,COMMUNITY,X1,-95.3687,29.75976
292,1.067675456,1067.675456,8,COMMUNITY,X1,-95.3716,29.75988
419,0.712703376,712.7033763,8,COMMUNITY,X1,-95.371,29.76038
473,25.10008621,25100.08621,8,COMMUNITY,X1,-95.3692,29.75886
618,46.83824033,46838.24033,8,COMMUNITY,X1,-95.3702,29.76068
714,4.032999898,4032.999898,8,COMMUNITY,X1,-95.3719,29.76082
781,29.39185906,29391.85906,8,COMMUNITY,X1,-95.3694,29.76018
1293,3.831286035,3831.286035,8,COMMUNITY,X1,-95.3692,29.75921
118,41.43050859,41430.50859,9,COMMUNITY,X1,-95.367,29.75993
156,42.34288338,42342.88338,9,COMMUNITY,X1,-95.3613,29.75749
193,48.39665007,48396.65007,9,COMMUNITY,X1,-95.3605,29.757
206,139.163515,139163.515,9,COMMUNITY,X1,-95.3698,29.76187
847,41.9765067,41976.5067,9,COMMUNITY,X1,-95.3674,29.76109
192,16.56529735,16565.29735,10,COMMUNITY,X1,-95.3586,29.75953
250,17.58981294,17589.81294,10,COMMUNITY,X1,-95.3592,29.75989
449,2.736765176,2736.765176,10,COMMUNITY,X1,-95.3658,29.76166
508,2.040921778,2040.921778,10,COMMUNITY,X1,-95.3656,29.76151
735,66.75145735,66751.45735,10,COMMUNITY,X1,-95.365,29.76087
775,47.90075422,47900.75422,10,COMMUNITY,X1,-95.3607,29.75826
778,2.982691379,2982.691379,10,COMMUNITY,X1,-95.366,29.76117
1016,10.45204537,10452.04537,10,COMMUNITY,X1,-95.3586,29.75901
1107,17.21235407,17212.35407,10,COMMUNITY,X1,-95.3592,29.75879
1201,2.099760542,2099.760542,10,COMMUNITY,X1,-95.3582,29.75938
1256,60.5436855,60543.6855,10,COMMUNITY,X1,-95.3653,29.7622
1311,2.336803874,2336.803874,10,COMMUNITY,X1,-95.3661,29.76139
1319,0.790808406,790.8084058,10,COMMUNITY,X1,-95.3695,29.76297
1397,106.6814639,106681.4639,10,COMMUNITY,X1,-95.3657,29.76336
107,19.51101219,19511.01219,11,COMMUNITY,X1,-95.3592,29.76669
124,37.1211035,37121.1035,11,COMMUNITY,X1,-95.3585,29.7626
253,25.04899687,25048.99687,11,COMMUNITY,X1,-95.3597,29.76108
276,28.00070559,28000.70559,11,COMMUNITY,X1,-95.3607,29.76151
346,25.07916071,25079.16071,11,COMMUNITY,X1,-95.3595,29.76325
389,36.61558938,36615.58938,11,COMMUNITY,X1,-95.3572,29.76266
547,18.09711513,18097.11513,11,COMMUNITY,X1,-95.3579,29.76312
584,2.739526007,2739.526007,11,COMMUNITY,X1,-95.3606,29.76198
755,39.60311226,39603.11226,11,COMMUNITY,X1,-95.3589,29.7605
773,17.19290047,17192.90047,11,COMMUNITY,X1,-95.3589,29.76193
861,5.963304579,5963.304579,11,COMMUNITY,X1,-95.3584,29.76119
957,142.7144246,142714.4246,11,COMMUNITY,X1,-95.3597,29.76607
1018,5.738714171,5738.714171,11,COMMUNITY,X1,-95.3603,29.76576
1032,4.631573912,4631.573912,11,COMMUNITY,X1,-95.3587,29.76076
1033,0.997965683,997.9656831,11,COMMUNITY,X1,-95.3589,29.76076
1134,13.01853257,13018.53257,11,COMMUNITY,X1,-95.3583,29.76006
1142,47.11499796,47114.99796,11,COMMUNITY,X1,-95.3577,29.76212
1225,63.99955963,63999.55963,11,COMMUNITY,X1,-95.3569,29.7616
1377,7.377781505,7377.781505,11,COMMUNITY,X1,-95.3586,29.76377
101,4.769273112,4769.273112,0,COMMUNITY,X1,-95.3476,29.76385
125,14.10394843,14103.94843,0,COMMUNITY,X1,-95.3592,29.74437
140,2.186617683,2186.617683,0,COMMUNITY,X1,-95.3693,29.7666
147,3.01644707,3016.44707,0,COMMUNITY,X1,-95.3774,29.75915
155,1.066843616,1066.843616,0,COMMUNITY,X1,-95.3596,29.74005
167,4.736532679,4736.532679,0,COMMUNITY,X1,-95.3488,29.76192
185,4.704547519,4704.547519,0,COMMUNITY,X1,-95.3486,29.76361
187,11.10814298,11108.14298,0,COMMUNITY,X1,-95.3532,29.7538
202,3.871956207,3871.956207,0,COMMUNITY,X1,-95.3696,29.76553
210,3.652162975,3652.162975,0,COMMUNITY,X1,-95.3761,29.76306
212,7.603925023,7603.925023,0,COMMUNITY,X1,-95.3767,29.75953
219,3.262472523,3262.472523,0,COMMUNITY,X1,-95.3489,29.76302
227,37.4884258,37488.4258,0,COMMUNITY,X1,-95.3588,29.76807
234,0.576968049,576.9680494,0,COMMUNITY,X1,-95.3702,29.76503
238,2.218166346,2218.166346,0,COMMUNITY,X1,-95.3767,29.75913
239,3.931408195,3931.408195,0,COMMUNITY,X1,-95.3773,29.75888
243,4.371532029,4371.532029,0,COMMUNITY,X1,-95.3475,29.76191
244,2.756524931,2756.524931,0,COMMUNITY,X1,-95.349,29.76281
245,3.594724949,3594.724949,0,COMMUNITY,X1,-95.3492,29.76223
268,0.369497316,369.4973162,0,COMMUNITY,X1,-95.3736,29.7631
271,4.419094243,4419.094243,0,COMMUNITY,X1,-95.3477,29.76148
297,0.978209888,978.2098878,0,COMMUNITY,X1,-95.3764,29.76313
298,0.989742666,989.7426655,0,COMMUNITY,X1,-95.3764,29.7519
312,4.729310596,4729.310596,0,COMMUNITY,X1,-95.3487,29.76213
313,3.292748135,3292.748135,0,COMMUNITY,X1,-95.3489,29.76172
314,2.834598182,2834.598182,0,COMMUNITY,X1,-95.3491,29.76253
315,4.903844197,4903.844197,0,COMMUNITY,X1,-95.3487,29.76342
333,25.92455371,25924.55371,0,COMMUNITY,X1,-95.3734,29.75026
340,0.912589919,912.5899192,0,COMMUNITY,X1,-95.3776,29.75862
347,10.35558762,10355.58762,0,COMMUNITY,X1,-95.3607,29.74516
360,6.301410475,6301.410475,0,COMMUNITY,X1,-95.3698,29.76603
366,5.135106607,5135.106607,0,COMMUNITY,X1,-95.3766,29.75863
371,57.39636937,57396.36937,0,COMMUNITY,X1,-95.3505,29.77152
375,57.69862393,57698.62393,0,COMMUNITY,X1,-95.3538,29.75414
381,8.51717667,8517.17667,0,COMMUNITY,X1,-95.3599,29.74039
401,45.82888012,45828.88012,0,COMMUNITY,X1,-95.3706,29.76808
432,1.12708071,1127.08071,0,COMMUNITY,X1,-95.3534,29.75172
452,3.803380376,3803.380376,0,COMMUNITY,X1,-95.3762,29.76329
478,6.358955997,6358.955997,0,COMMUNITY,X1,-95.3781,29.75825
479,4.613237765,4613.237765,0,COMMUNITY,X1,-95.348,29.76432
488,31.75909849,31759.09849,0,COMMUNITY,X1,-95.3694,29.7691
491,8.475390927,8475.390927,0,COMMUNITY,X1,-95.3759,29.75227
493,2.977312503,2977.312503,0,COMMUNITY,X1,-95.3762,29.75566
495,4.800330908,4800.330908,0,COMMUNITY,X1,-95.3479,29.7635
496,4.800489675,4800.489675,0,COMMUNITY,X1,-95.3485,29.7638
497,2.577519962,2577.519962,0,COMMUNITY,X1,-95.349,29.76153
500,58.05958404,58059.58404,0,COMMUNITY,X1,-95.3536,29.75287
519,52.01929661,52019.29661,0,COMMUNITY,X1,-95.3733,29.74716
525,4.521172505,4521.172505,0,COMMUNITY,X1,-95.3486,29.76127
562,31.36194615,31361.94615,0,COMMUNITY,X1,-95.3681,29.74401
563,0.513374585,513.3745846,0,COMMUNITY,X1,-95.3682,29.76734
567,3.929690833,3929.690833,0,COMMUNITY,X1,-95.37,29.76604
590,2.325097593,2325.097593,0,COMMUNITY,X1,-95.371,29.76618
597,4.738647849,4738.647849,0,COMMUNITY,X1,-95.3486,29.76234
615,39.84237704,39842.37704,0,COMMUNITY,X1,-95.3693,29.76868
617,1.217167345,1217.167345,0,COMMUNITY,X1,-95.3695,29.76541
647,25.68642247,25686.42247,0,COMMUNITY,X1,-95.3683,29.76811
650,0.877710032,877.7100316,0,COMMUNITY,X1,-95.3765,29.76198
663,14.25534745,14255.34745,0,COMMUNITY,X1,-95.3759,29.75906
664,7.377395425,7377.395425,0,COMMUNITY,X1,-95.3772,29.75953
672,22.75368649,22753.68649,0,COMMUNITY,X1,-95.3628,29.74286
683,17.07974609,17079.74609,0,COMMUNITY,X1,-95.3693,29.76439
686,0.731764685,731.7646851,0,COMMUNITY,X1,-95.3704,29.76558
696,4.305243116,4305.243116,0,COMMUNITY,X1,-95.3478,29.76449
719,4.421431937,4421.431937,0,COMMUNITY,X1,-95.3474,29.76213
720,4.419728146,4419.728146,0,COMMUNITY,X1,-95.3477,29.76283
741,2.818463824,2818.463824,0,COMMUNITY,X1,-95.3706,29.76594
764,1.942990344,1942.990344,0,COMMUNITY,X1,-95.37,29.76542
768,0.698315037,698.315037,0,COMMUNITY,X1,-95.3474,29.76348
771,5.181870896,5181.870896,0,COMMUNITY,X1,-95.3576,29.76948
789,3.036551529,3036.551529,0,COMMUNITY,X1,-95.3767,29.75832
793,4.805337664,4805.337664,0,COMMUNITY,X1,-95.3485,29.76255
809,4.752224804,4752.224804,0,COMMUNITY,X1,-95.3474,29.7632
830,8.9251537,8925.1537,0,COMMUNITY,X1,-95.3756,29.75207
831,5.692812828,5692.812828,0,COMMUNITY,X1,-95.3761,29.7622
833,7.100040543,7100.040543,0,COMMUNITY,X1,-95.3479,29.76106
854,4.697060777,4697.060777,0,COMMUNITY,X1,-95.348,29.76331
855,4.426205789,4426.205789,0,COMMUNITY,X1,-95.348,29.76247
856,4.393765464,4393.765464,0,COMMUNITY,X1,-95.3485,29.76146
868,4.722984896,4722.984896,0,COMMUNITY,X1,-95.3475,29.76167
877,0.661892732,661.8927323,0,COMMUNITY,X1,-95.3697,29.76581
879,72.77334314,72773.34314,0,COMMUNITY,X1,-95.3544,29.76971
886,1.333762467,1333.762467,0,COMMUNITY,X1,-95.3766,29.76173
897,8.184812882,8184.812882,0,COMMUNITY,X1,-95.3702,29.76573
905,4.847611595,4847.611595,0,COMMUNITY,X1,-95.3482,29.76416
924,59.19688913,59196.88913,0,COMMUNITY,X1,-95.3705,29.76639
928,7.095337454,7095.337454,0,COMMUNITY,X1,-95.3765,29.75899
942,0.34087185,340.8718498,0,COMMUNITY,X1,-95.3693,29.7653
945,0.598892705,598.8927049,0,COMMUNITY,X1,-95.3699,29.76506
948,3.08771066,3087.71066,0,COMMUNITY,X1,-95.3765,29.76284
950,4.450484669,4450.484669,0,COMMUNITY,X1,-95.3484,29.76275
976,1.898009858,1898.009858,0,COMMUNITY,X1,-95.353,29.7704
993,23.99568049,23995.68049,0,COMMUNITY,X1,-95.3691,29.76511
1003,6.53658314,6536.58314,0,COMMUNITY,X1,-95.3473,29.76238
1005,4.793312035,4793.312035,0,COMMUNITY,X1,-95.3482,29.76183
1015,25.27062022,25270.62022,0,COMMUNITY,X1,-95.359,29.74753
1048,7.67729545,7677.29545,0,COMMUNITY,X1,-95.3774,29.75831
1051,4.31719074,4317.19074,0,COMMUNITY,X1,-95.3475,29.76302
1052,4.490433441,4490.433441,0,COMMUNITY,X1,-95.348,29.76226
1053,4.720948157,4720.948157,0,COMMUNITY,X1,-95.3481,29.76205
1091,56.59481771,56594.81771,0,COMMUNITY,X1,-95.3699,29.7675
1092,5.243229797,5243.229797,0,COMMUNITY,X1,-95.3698,29.76552
1097,6.414361726,6414.361726,0,COMMUNITY,X1,-95.3777,29.75896
1102,4.737893596,4737.893596,0,COMMUNITY,X1,-95.3477,29.76368
1104,338.1022542,338102.2542,0,COMMUNITY,X1,-95.3523,29.75211
1120,3.930081232,3930.081232,0,COMMUNITY,X1,-95.3768,29.75888
1168,3.759254538,3759.254538,0,COMMUNITY,X1,-95.3765,29.75823
1172,4.837977797,4837.977797,0,COMMUNITY,X1,-95.3482,29.76291
1173,4.371601513,4371.601513,0,COMMUNITY,X1,-95.3483,29.76163
1190,5.667452729,5667.452729,0,COMMUNITY,X1,-95.3776,29.75963
1213,37.44992507,37449.92507,0,COMMUNITY,X1,-95.3684,29.76701
1220,38.7111658,38711.1658,0,COMMUNITY,X1,-95.3529,29.75356
1244,5.332674738,5332.674738,0,COMMUNITY,X1,-95.3773,29.76302
1262,40.56587433,40565.87433,0,COMMUNITY,X1,-95.3714,29.76561
1264,24.61688926,24616.88926,0,COMMUNITY,X1,-95.375,29.763
1273,4.490737406,4490.737406,0,COMMUNITY,X1,-95.3489,29.76322
1279,82.31003344,82310.03344,0,COMMUNITY,X1,-95.3577,29.76912
1292,38.62480192,38624.80192,0,COMMUNITY,X1,-95.3689,29.7445
1300,9.1117758,9111.7758,0,COMMUNITY,X1,-95.3492,29.77077
1326,4.75934301,4759.34301,0,COMMUNITY,X1,-95.3483,29.76398
1359,89.76692724,89766.92724,0,COMMUNITY,X1,-95.3747,29.76242
1360,0.452466789,452.4667891,0,COMMUNITY,X1,-95.3763,29.76313
1361,3.006711277,3006.711277,0,COMMUNITY,X1,-95.3774,29.75862
1364,0.230736065,230.7360654,0,COMMUNITY,X1,-95.3481,29.76213
1366,4.38315568,4383.15568,0,COMMUNITY,X1,-95.3478,29.7613
1367,4.49795448,4497.95448,0,COMMUNITY,X1,-95.3481,29.76311
697,36.35109812,36351.09812,2,COMMUNITY,X2,-95.3513,29.76072
909,7.258115568,7258.115568,2,COMMUNITY,X2,-95.3574,29.75891
932,0.404929694,404.9296936,2,COMMUNITY,X2,-95.3508,29.76162
981,9.866542503,9866.542503,2,COMMUNITY,X2,-95.3571,29.75981
1302,11.05603956,11056.03956,2,COMMUNITY,X2,-95.3508,29.76179
1371,24.84336331,24843.36331,2,COMMUNITY,X2,-95.3539,29.75868
486,57.77622855,57776.22855,7,COMMUNITY,X2,-95.3648,29.75303
838,6.894978092,6894.978092,10,COMMUNITY,X2,-95.3596,29.7585
284,7.948802071,7948.802071,11,COMMUNITY,X2,-95.3639,29.76763
1087,26.60824891,26608.24891,11,COMMUNITY,X2,-95.3642,29.76377
132,4.72577987,4725.77987,0,COMMUNITY,X2,-95.3647,29.74488
221,15.35241649,15352.41649,0,COMMUNITY,X2,-95.3513,29.75704
230,3.007110578,3007.110578,0,COMMUNITY,X2,-95.3649,29.74504
233,2.278357976,2278.357976,0,COMMUNITY,X2,-95.3697,29.74571
566,21.78170741,21781.70741,0,COMMUNITY,X2,-95.3694,29.74575
848,1.063109574,1063.109574,0,COMMUNITY,X2,-95.3687,29.76616
1027,4.076751255,4076.751255,0,COMMUNITY,X2,-95.3748,29.7474
1110,7.904900091,7904.900091,0,COMMUNITY,X2,-95.365,29.74518
1125,1.818745264,1818.745264,0,COMMUNITY,X2,-95.3517,29.75705
1259,7.998060319,7998.060319,0,COMMUNITY,X2,-95.3687,29.76633
1320,9.356081877,9356.081877,0,COMMUNITY,X2,-95.3716,29.74583
190,2.401545856,2401.545856,3,COMMUNITY,X3,-95.3569,29.75631
1129,8.957665657,8957.665657,3,COMMUNITY,X3,-95.3573,29.7564
1287,21.19608605,21196.08605,4,COMMUNITY,X3,-95.3635,29.74688
231,1.643733264,1643.733264,5,COMMUNITY,X3,-95.3669,29.75011
804,3.583131141,3583.131141,5,COMMUNITY,X3,-95.3693,29.74895
826,1.093509182,1093.509182,5,COMMUNITY,X3,-95.368,29.75056
893,13.16292841,13162.92841,5,COMMUNITY,X3,-95.3679,29.7504
919,25.16720767,25167.20767,5,COMMUNITY,X3,-95.3673,29.75012
1093,9.881020123,9881.020123,5,COMMUNITY,X3,-95.3695,29.74911
1214,7.289761978,7289.761978,5,COMMUNITY,X3,-95.3691,29.74882
1318,27.37622143,27376.22143,5,COMMUNITY,X3,-95.3687,29.7499
824,5.407564131,5407.564131,6,COMMUNITY,X3,-95.3648,29.75106
1409,8.075246431,8075.246431,6,COMMUNITY,X3,-95.3721,29.75624
839,44.77371274,44773.71274,10,COMMUNITY,X3,-95.3609,29.75961
1060,45.86637674,45866.37674,10,COMMUNITY,X3,-95.36,29.75909
1386,13.38615967,13386.15967,11,COMMUNITY,X3,-95.3606,29.76297
199,3.514849791,3514.849791,0,COMMUNITY,X3,-95.3669,29.76954
255,4.063854021,4063.854021,0,COMMUNITY,X3,-95.3623,29.74231
291,0.838785891,838.7858907,0,COMMUNITY,X3,-95.3715,29.76628
383,3.818473927,3818.473927,0,COMMUNITY,X3,-95.362,29.74227
407,5.650563784,5650.563784,0,COMMUNITY,X3,-95.3732,29.76559
604,8.429909801,8429.909801,0,COMMUNITY,X3,-95.3607,29.74189
619,18.69683797,18696.83797,0,COMMUNITY,X3,-95.372,29.74538
739,10.3088427,10308.8427,0,COMMUNITY,X3,-95.3684,29.74231
746,5.631970476,5631.970476,0,COMMUNITY,X3,-95.3731,29.76586
783,1.31305181,1313.05181,0,COMMUNITY,X3,-95.3736,29.76597
806,35.54249445,35542.49445,0,COMMUNITY,X3,-95.3717,29.76655
872,31.33863879,31338.63879,0,COMMUNITY,X3,-95.3672,29.76866
888,6.368065081,6368.065081,0,COMMUNITY,X3,-95.3614,29.73983
989,22.24571863,22245.71863,0,COMMUNITY,X3,-95.3656,29.74556
992,2.045231333,2045.231333,0,COMMUNITY,X3,-95.3681,29.74219
1025,2.355335286,2355.335286,0,COMMUNITY,X3,-95.3734,29.76596
1054,4.261471717,4261.471717,0,COMMUNITY,X3,-95.3515,29.75707
1070,1.596170065,1596.170065,0,COMMUNITY,X3,-95.3733,29.76581
1254,0.55816898,558.16898,0,COMMUNITY,X3,-95.3606,29.74203
1296,4.654940418,4654.940418,0,COMMUNITY,X3,-95.3728,29.76586
1315,3.277849402,3277.849402,0,COMMUNITY,X3,-95.368,29.74229
451,61.63868756,61638.68756,5,COMMUNITY,XI,-95.3707,29.75214
935,30.29729192,30297.29192,3,COMMUNITY,XJ,-95.3574,29.75605
1013,17.02363711,17023.63711,1,COMMUNITY,Z4,-95.3569,29.76664
299,12.18373762,12183.73762,0,COMMUNITY,Z4,-95.3773,29.75374
350,2.23797103,2237.97103,0,COMMUNITY,Z4,-95.368,29.74268
450,0.913076224,913.0762241,0,COMMUNITY,Z4,-95.368,29.74292
564,5.318427959,5318.427959,0,COMMUNITY,Z4,-95.3681,29.74295
579,21.51947771,21519.47771,0,COMMUNITY,Z4,-95.3541,29.75099
645,5.524523539,5524.523539,0,COMMUNITY,Z4,-95.3676,29.74266
678,7.547180454,7547.180454,0,COMMUNITY,Z4,-95.3658,29.74345
681,17.54341284,17543.41284,0,COMMUNITY,Z4,-95.3676,29.74312
1194,0.808694973,808.6949734,0,COMMUNITY,Z4,-95.3546,29.74834
1335,3.152177213,3152.177213,0,COMMUNITY,Z4,-95.3658,29.74354
1402,4.358900548,4358.900548,0,COMMUNITY,Z4,-95.3678,29.74284
1403,8.695322132,8695.322132,0,COMMUNITY,Z4,-95.3681,29.74252
994,4.740759531,4740.759531,5,COMMUNITY,Z5,-95.3694,29.75164
538,26.37852041,26378.52041,7,COMMUNITY,Z5,-95.3636,29.75339
962,29.98253928,29982.53928,7,COMMUNITY,Z5,-95.3628,29.75404
966,64.39546906,64395.46906,8,COMMUNITY,Z5,-95.3651,29.7576
384,64.42100482,64421.00482,9,COMMUNITY,Z5,-95.363,29.75856
277,21.88240134,21882.40134,11,COMMUNITY,Z5,-95.3615,29.76331
703,65.74283943,65742.83943,11,COMMUNITY,Z5,-95.36,29.76237
274,22.75439178,22754.39178,0,COMMUNITY,Z5,-95.3508,29.75344
766,36.81656255,36816.56255,0,COMMUNITY,Z5,-95.3761,29.75333
925,25.11255523,25112.55523,0,COMMUNITY,Z5,-95.3717,29.7492
430,17.03776371,17037.76371,1,UNCLASSED,,-95.351,29.76807
908,12.49522375,12495.22375,1,UNCLASSED,,-95.3515,29.76787
661,3.120146521,3120.146521,5,UNCLASSED,,-95.3731,29.75307
874,1.482169689,1482.169689,9,UNCLASSED,,-95.3677,29.7613
139,5.36423846,5364.23846,0,UNCLASSED,,-95.3783,29.75966
362,11.40204524,11402.04524,0,UNCLASSED,,-95.3783,29.7588
546,47.29738752,47297.38752,0,UNCLASSED,,-95.373,29.74913
596,5.725337342,5725.337342,0,UNCLASSED,,-95.3783,29.75942
666,0.780673147,780.673147,0,UNCLASSED,,-95.3562,29.74528
752,7.228954108,7228.954108,0,UNCLASSED,,-95.3784,29.76005
906,1.55544242,1555.44242,0,UNCLASSED,,-95.3487,29.75782
1004,100.9726755,100972.6755,0,UNCLASSED,,-95.3474,29.77212
1029,1.53175942,1531.75942,0,UNCLASSED,,-95.3767,29.76339
1246,5.56102149,5561.02149,0,UNCLASSED,,-95.3783,29.75917
1362,0.838145515,838.1455148,0,UNCLASSED,,-95.3781,29.75994
